Workbook

Sheet Summary
A1: Percentage | B1: Centimorgans
A2: 0.34 | B2: =A2*74.67 -> 25.3878
A3: Centimorgans | B3: Percentage
A4: 187 | B4: =A4/74.67 -> 2.5043525
A6: Worksheet Name | B6: DNA Matches | C6: RANK | D6: PARENT | E6: GRANDPARENTS | F6: 1G GRANDPARENTS | G6: 2G GRANDPARENTS | H6: 3G GRANDPARENTS | I6: 4G GRANDPARENTS | J6: 5G GRANDPARENTS | K6: 6G GRANDPARENTS | L6: 7G GRANDPARENTS
B7: =SUM(Angier:Wilson!B1) -> 616
A8: Alderman | B8: =Alderman!B1 -> 1 | C8: =RANK(B8,$B$9:$B$60) -> 43 | D8: ROBERTSON | E8: ROBERTSON | F8: PATRICK | G8: PATRICK | H8: PATRICK | I8: PATRICK | J8: MILLER | K8: ALDERMAN
A9: Angier | B9: =Angier!B1 -> 3 | C9: =RANK(B9,$B$9:$B$60) -> 37 | D9: HALL | E9: HALL | F9: SHICKLE | G9: DISDALE | H9: DISDALE | I9: ANGIER
A10: Argent | B10: =Argent!B1 -> 3 | C10: =RANK(B10,$B$9:$B$60) -> 37 | D10: ROBERTSON | E10: WILSON | F10: BEAVIS | G10: BEAVIS | H10: BEAVIS | I10: BEAVIS | J10: ARGENT
A11: Beavis | B11: =Beavis!B1 -> 33 | C11: =RANK(B11,$B$9:$B$60) -> 6 | D11: ROBERTSON | E11: WILSON | F11: BEAVIS
A12: Biddle | B12: =Biddle!B1 -> 35 | C12: =RANK(B12,$B$9:$B$60) -> 4 | D12: ROBERTSON | E12: ROBERTSON | F12: ROBERTSON | G12: PATRICK | H12: BIDDLE
A13: Bing | B13: =Bing!B1 -> 1 | C13: =RANK(B13,$B$9:$B$60) -> 43 | D13: HALL | E13: TUCKER | F13: JEZZARD | G13: BUSHELL | H13: MERCER | I13: MERCER | J13: BING
A14: Bloomfield | B14: =Bloomfield!B1 -> 22 | C14: =RANK(B14,$B$9:$B$60) -> 10 | D14: HALL | E14: BRINKLEY | F14: BRINKLEY | G14: OTLEY | H14: OTLEY | I14: BLOOMFIELD
A15: Boreham | B15: =Boreham!B1 -> 16 | C15: =RANK(B15,$B$9:$B$60) -> 14 | D15: ROBERTSON | E15: WILSON | F15: WILSON | G15: BOREHAM
A16: Brinkley | B16: =Brinkley!B1 -> 43 | C16: =RANK(B16,$B$9:$B$60) -> 2 | D16: HALL | E16: HALL | F16: BRINKLEY
A17: Bushell | B17: =Bushell!B1 -> 28 | C17: =RANK(B17,$B$9:$B$60) -> 7 | D17: HALL | E17: TUCKER | F17: JEZZARD | G17: BUSHELL
A18: Camp | B18: =Camp!B1 -> 2 | C18: =RANK(B18,$B$9:$B$60) -> 40 | D18: ROBERTSON | E18: WILSON | F18: BEAVIS | G18: BOREHAM | H18: BOREHAM | I18: CAMP
A19: Collins | B19: =Collins!B1 -> 11 | C19: =RANK(B19,$B$9:$B$60) -> 22 | D19: HALL | E19: TUCKER | F19: TUCKER | G19: FREEMANTLE | H19: COLLINS
A20: Dadley | B20: =Dadley!B1 -> 1 | C20: =RANK(B20,$B$9:$B$60) -> 43 | D20: ROBERTSON | E20: ROBERTSON | F20: ROBERTSON | G20: PATRICK | H20: BIDDLE | I20: BIDDLE | J20: DADLEY
A21: Davis | B21: =Davis!B1 -> 1 | C21: =RANK(B21,$B$9:$B$60) -> 43 | D21: HALL | E21: TUCKER | F21: JEZZARD | G21: JEZZARD | H21: JEZZARD | I21: DAVIS
A22: Dibel | B22: =Dibel!B1 -> 1 | C22: =RANK(B22,$B$9:$B$60) -> 43 | D22: HALL | E22: TUCKER | F22: JEZZARD | G22: BUSHELL | H22: MERCER | I22: MAY | J22: MAYES | K22: DIBAL
A23: Disdale | B23: =Disdale!B1 -> 4 | C23: =RANK(B23,$B$9:$B$60) -> 30 | D23: HALL | E23: HALL | F23: BRINKLEY | G23: SHICKLE | H23: DISDALE
A24: Dyason | B24: =Dyason!B1 -> 12 | C24: =RANK(B24,$B$9:$B$60) -> 20 | D24: HALL | E24: TUCKER | F24: JEZZARD | G24: BUSHELL | H24: MERCER | I24: MERCER | J24: BING | K24: DYASON
A25: Felton | B25: =Felton!B1 -> 2 | C25: =RANK(B25,$B$9:$B$60) -> 40 | D25: ROBERTSON | E25: WILSON | F25: WILSON | G25: BOREHAM | H25: RAYNER | I25: FELTON
A26: Field | B26: =Field!B1 -> 1 | C26: =RANK(B26,$B$9:$B$60) -> 43 | D26: ROBERTSON | E26: WILSON | F26: WILSON | G26: WILSON | H26: SAMS | I26: SAMS | J26: STYLEMAN | K26: STYLEMAN | L26: FIELD
A27: Fooks | B27: =Fooks!B1 -> 7 | C27: =RANK(B27,$B$9:$B$60) -> 26 | D27: HALL | E27: TUCKER | F27: TUCKER | G27: TUCKER | H27: FOOKS
A28: Ford | B28: =Ford!B1 -> 10 | C28: =RANK(B28,$B$9:$B$60) -> 24 | D28: HALL | E28: HALL | F28: HALL | G28: FORD
A29: Freemantle | B29: =Freemantle!B1 -> 14 | C29: =RANK(B29,$B$9:$B$60) -> 18 | D29: HALL | E29: TUCKER | F29: TUCKER | G29: FREEMANTLE
A30: Gates | B30: =Gates!B1 -> 1 | C30: =RANK(B30,$B$9:$B$60) -> 43 | D30: HALL | E30: HALL | F30: BRINKLEY | G30: BRINKLEY | H30: OTLEY | I30: GATES
A31: Hall | B31: =Hall!B1 -> 36 | C31: =RANK(B31,$B$9:$B$60) -> 3 | D31: HALL
A32: Hook | B32: =Hook!B1 -> 1 | C32: =RANK(B32,$B$9:$B$60) -> 43 | D32: HALL | E32: TUCKER | F32: TUCKER | G32: TUCKER | H32: TUCKER | I32: HOOK
A33: Hogben | B33: =Hogben!B1 -> 6 | C33: =RANK(B33,$B$9:$B$60) -> 28 | D33: HALL | E33: TUCKER | F33: JEZZARD | G33: BUSHELL | H33: BUSHELL | I33: BUSHELL | J33: HOGBEN
A34: Hughes | B34: =Hughes!B1 -> 3 | C34: =RANK(B34,$B$9:$B$60) -> 37 | D34: HALL | E34: HALL | F34: PENNY | G34: HUGHES
A35: Humphrey | B35: =Humphrey!B1 -> 4 | C35: =RANK(B35,$B$9:$B$60) -> 30 | D35: ROBERTSON | E35: WILSON | F35: BEAVIS | G35: BEAVIS | H35: BEAVIS | I35: HUMPHREY
A36: Jezzard | B36: =Jezzard!B1 -> 35 | C36: =RANK(B36,$B$9:$B$60) -> 4 | D36: HALL | E36: TUCKER | F36: JEZZARD
A37: Jordan | B37: =Jordan!B1 -> 4 | C37: =RANK(B37,$B$9:$B$60) -> 30 | D37: HALL | E37: TUCKER | F37: JEZZARD | G37: BUSHELL | H37: BUSHELL | I37: PITTOCK | J37: JORDAN
A38: Lippincott | B38: =Lippincott!B1 -> 24 | C38: =RANK(B38,$B$9:$B$60) -> 9 | D38: ROBERTSON | E38: ROBERTSON | F38: PATRICK | G38: BIDDLE | H38: BIDDLE | I38: BIDDLE | J38: SHINN | K38: LIPPINCOTT
A39: Mayes | B39: =Mayes!B1 -> 4 | C39: =RANK(B39,$B$9:$B$60) -> 30 | D39: HALL | E39: TUCKER | F39: JEZZARD | G39: BUSHELL | H39: MERCER | I39: MAY
A40: Mercer | B40: =Mercer!B1 -> 16 | C40: =RANK(B40,$B$9:$B$60) -> 14 | D40: HALL | E40: TUCKER | F40: JEZZARD | G40: BUSHELL | H40: MERCER
A41: Minter | B41: =Minter!B1 -> 2 | C41: =RANK(B41,$B$9:$B$60) -> 40 | D41: HALL | E41: TUCKER | F41: JEZZARD | G41: BUSHELL | H41: BUSHELL | I41: BUSHELL | J41: BUSHELL | K41: MINTER
A42: Nankivell | B42: =Nankivell!B1 -> 6 | C42: =RANK(B42,$B$9:$B$60) -> 28 | D42: ROBERTSON | E42: WILSON | F42: BEAVIS | G42: BEAVIS | H42: TOZER | I42: NANKIVELL
A43: Noble | B43: =Noble!B1 -> 7 | C43: =RANK(B43,$B$9:$B$60) -> 26 | D43: HALL | E43: HALL | F43: BRINKLEY | G43: SHICKLE | H43: DISDALE | I43: NOBLE
A44: Otley | B44: =Otley!B1 -> 18 | C44: =RANK(B44,$B$9:$B$60) -> 12 | D44: HALL | E44: HALL | F44: BRINKLEY | G44: BRINKLEY | H44: OTLEY
A45: Palmer | B45: =Palmer!B1 -> 1 | C45: =RANK(B45,$B$9:$B$60) -> 43 | D45: HALL | E45: TUCKER | F45: JEZZARD | G45: BUSHELL | H45: MERCER | I45: MAY | J45: PALMER
A46: Patrick | B46: =Patrick!B1 -> 25 | C46: =RANK(B46,$B$9:$B$60) -> 8 | D46: ROBERTSON | E46: ROBERTSON | F46: PATRICK
A47: Penny | B47: =Penny!B1 -> 15 | C47: =RANK(B47,$B$9:$B$60) -> 16 | D47: HALL | E47: HALL | F47: PENNY
A48: Pittock | B48: =Pittock!B1 -> 4 | C48: =RANK(B48,$B$9:$B$60) -> 30 | D48: HALL | E48: TUCKER | F48: JEZZARD | G48: BUSHELL | H48: BUSHELL | I48: PITTOCK
A49: Rayner | B49: =Rayner!B1 -> 13 | C49: =RANK(B49,$B$9:$B$60) -> 19 | D49: ROBERTSON | E49: WILSON | F49: WILSON | G49: BOREHAM | H49: RAYNER
A50: Reeve | B50: =Reeve!B1 -> 4 | C50: =RANK(B50,$B$9:$B$60) -> 30 | D50: HALL | E50: HALL | F50: BRINKLEY | G50: BRINKLEY | H50: BRINKLEY | I50: RUDDOCK | J50: REEVE
A51: Robertson | B51: =Robertson!B1 -> 15 | C51: =RANK(B51,$B$9:$B$60) -> 16 | D51: ROBERTSON
A52: Ruddock | B52: =Ruddock!B1 -> 45 | C52: =RANK(B52,$B$9:$B$60) -> 1 | D52: HALL | E52: HALL | F52: BRINKLEY | G52: BRINKLEY | H52: BRINKLEY | I52: RUDDOCK
A53: Sams | B53: =Sams!B1 -> 11 | C53: =RANK(B53,$B$9:$B$60) -> 22 | D53: ROBERTSON | E53: WILSON | F53: WILSON | G53: WILSON | H53: SAMS
A54: Shickle | B54: =Shickle!B1 -> 12 | C54: =RANK(B54,$B$9:$B$60) -> 20 | D54: HALL | E54: BRINKLEY | F54: SHICKLE
A55: Shinn | B55: =Shinn!B1 -> 4 | C55: =RANK(B55,$B$9:$B$60) -> 30 | D55: ROBERTSON | E55: ROBERTSON | F55: PATRICK | G55: BIDDLE | H55: BIDDLE | I55: BIDDLE | J55: SHINN
A56: Shrewsbury | B56: =Shrewsbury!B1 -> 19 | C56: =RANK(B56,$B$9:$B$60) -> 11 | D56: HALL | E56: TUCKER | F56: JEZZARD | G56: JEZZARD | H56: SHREWSBURY
A57: Singleton | B57: =Singleton!B1 -> 1 | C57: =RANK(B57,$B$9:$B$60) -> 43 | D57: HALL | E57: TUCKER | F57: TUCKER | G57: FREEMANTLE | H57: FREEMANTLE
A58: Tucker | B58: =Tucker!B1 -> 9 | C58: =RANK(B58,$B$9:$B$60) -> 25 | D58: HALL | E58: TUCKER
A59: Vandepeer | B59: =Vandepeer!B1 -> 1 | C59: =RANK(B59,$B$9:$B$60) -> 43 | D59: HALL | E59: TUCKER | F59: JEZZARD | G59: BUSHELL | H59: MERCER | I59: MERCER | J59: BING | K59: DYASON
A60: Wilson | B60: =Wilson!B1 -> 17 | C60: =RANK(B60,$B$9:$B$60) -> 13 | D60: ROBERTSON | E60: WILSON
A62: UnmatchedFreer | B62: =UnmatchedFreer!B1 -> 92
A63: UnmatchedMcCracken | B63: =UnmatchedMcCracken!B1 -> 5
A64: UnmatchedKingston | B64: =UnmatchedKingston!B1 -> 34
B65: =SUM(Angier:UnmatchedMcCracken!B1) -> 713
A67: NO MATCHES
A68: SIMON | B68: JILL | C68: RESEARCHED | D68: PARENTS | E68: GRANDPARENTS | F68: 1G GRANDPARENTS | G68: 2G GRANDPARENTS | H68: 3G GRANDPARENTS | I68: 4G GRANDPARENTS | J68: 5G GRANDPARENTS | K68: 6G GRANDPARENTS | L68: 7G GRANDPARENTS
A70: Argent | B70: Argent | D70: ROBERTSON | E70: WILSON | F70: BEAVIS | G70: BEAVIS | H70: BEAVIS | I70: BEAVIS | J70: ARGENT
A71: Atkins | B71: Atkins | D71: HALL | E71: TUCKER | F71: TUCKER | G71: FREEMANTLE | H71: COLLINS | I71: ATKINS
A72: Barnes | B72: Barnes | D72: HALL | E72: TUCKER | F72: TUCKER | G72: TUCKER | H72: TUCKER | I72: TUCKER | J72: BARNES
A73: Batley | B73: Batley | D73: HALL | E73: HALL | F73: HALL | G73: PENNY | H73: PENNY | I73: PENNY | J73: BATELY
A74: Beavis2 | B74: Beavis2 | D74: ROBERTSON | E74: WILSON | F74: BEAVIS | G74: BEAVIS2
A75: Berry | B75: Berry | D75: ROBERTSON | E75: ROBERTSON | F75: ROBERTSON | G75: MILLER | H75: GREIG | I75: PATTY | J75: BERRY
A76: Boone | B76: Boone | D76: ROBERTSON | E76: ROBERTSON | F76: PATRICK | G76: PATRICK | H76: MUNDEN | I76: BOONE
A77: Bowers | B77: Bowers | D77: ROBERTSON | E77: WILSON | F77: WILSON | G77: WILSON | H77: SAMS | I77: BOWERS
A78: Cameron | B78: Cameron | D78: ROBERTSON | E78: ROBERTSON | F78: ROBERTSON | G78: ROBERTSON | H78: ROBERTSON | I78: CAMERON
A79: Capon | B79: Capon | D79: HALL | E79: TUCKER | F79: JEZZARD | G79: JEZZARD | H79: SHREWSBURY | I79: CAPON
A80: Craddock | B80: Craddock | D80: ROBERTSON | E80: ROBERTSON | F80: PATRICK | G80: PATRICK | H80: MUNDEN | I80: MUNDEN | J80: CRADDOCK
A81: Dadley | B81: Dadley | D81: ROBERTSON | E81: ROBERTSON | F81: PATRICK | G81: BIDDLE | H81: BIDDLE | I81: DADLEY
A82: Dilly | B82: Dilly | D82: ROBERTSON | E82: ROBERTSON | F82: PATRICK | G82: PATRICK | H82: PATRICK | I82: DILLY
A83: Dollen | B83: Dollen | D83: HALL | E83: TUCKER | F83: TUCKER | G83: TUCKER | H83: FOOKS | I83: DOLLEN
A84: Douglas | B84: Douglas | D84: ROBERTSON | E84: ROBERTSON | F84: ROBERTSON | G84: ROBERTSON | H84: DOUGLAS
A85: Elderfield | B85: Elderfield | D85: HALL | E85: TUCKER | F85: TUCKER | G85: FREEMANTLE | H85: FREEMANTLE | I85: FREEMANTLE | J85: ELDERFIELD
A86: Eldred | B86: Eldred | D86: ROBERTSON | E86: WILSON | F86: WILSON | G86: BOREHAM | H86: BOREHAM | I86: CAMP | J86: ELDRED
A87: Fergusson | B87: Fergusson | D87: ROBERTSON | E87: ROBERTSON | F87: ROBERTSON | G87: ROBERTSON | H87: ROBERTSON | I87: CAMERON | J87: FERGUSSON
A88: Freeman | B88: Freeman | D88: ROBERTSON | E88: WILSON | F88: BEAVIS | G88: BEAVIS | H88: BEAVIS | I88: HUMPHREY | J88: FREEMAN
A89: Goddard | B89: Goddard | D89: HALL | E89: TUCKER | F89: TUCKER | G89: TUCKER | H89: TUCKER | I89: HOOK | J89: GODDARD
A90: Gordon | B90: Gordon | D90: ROBERTSON | E90: ROBERTSON | F90: ROBERTSON | G90: ROBERTSON | H90: DOUGLAS | I90: MILLAR | J90: GORDON
A91: Gilbert | B91: Gilbert | D91: ROBERTSON | E91: ROBERTSON | F91: PATRICK | G91: BIDDLE | H91: BIDDLE | I91: DADLEY
A92: Greig | B92: Greig | D92: ROBERTSON | E92: ROBERTSON | F92: ROBERTSON | G92: MILLER | H92: GREIG
A93: Hails | B93: Hails | D93: HALL | E93: HALL | F93: BRINKLEY | G93: SHICKLE | H93: SHICKLE | I93: HAILS
A94: Haw | B94: Haw | D94: HALL | E94: HALL | F94: HALL | G94: PENNY | H94: HUGHES | I94: WRAY | J94: HAW
A95: Howard | B95: Howard | D95: HALL | E95: HALL | F95: HALL | G95: HALL | H95: FORD | I95: FORD | J95: HOWARD
A96: Hughes | B96: Hughes | D96: HALL | E96: HALL | F96: HALL | G96: PENNY | H96: HUGHES
A97: Hutcheson | B97: Hutcheson | D97: ROBERTSON | E97: ROBERTSON | F97: ROBERTSON | G97: ROBERTSON | H97: ROBERTSON | I97: ROBERTSON | J97: HUTCHESON
A98: Jones | B98: Jones | D98: HALL | E98: HALL | F98: HALL | G98: HALL | H98: FORD | I98: JONES
A99: Lewis | B99: Lewis | D99: ROBERTSON | E99: WILSON | F99: WILSON | G99: WILSON | H99: SAMS | I99: BOWERS | J99: LEWIS
A100: Lewis | B100: Lewis | D100: HALL | E100: TUCKER | F100: TUCKER | G100: FREEMANTLE | H100: FREEMANTLE | I100: LEWIS
A101: Lovewold | B101: Lovewold | D101: HALL | E101: TUCKER | F101: JEZZARD | G101: JEZZARD | H101: JEZZARD | I101: JEZZARD | J101: LOVEWOLD
A102: Maggott | B102: Maggott | D102: ROBERTSON | E102: ROBERTSON | F102: PATRICK | G102: PATRICK | H102: MUNDEN | I102: BOONE | J102: MAGGOTT
A103: Millar | B103: Millar | D103: ROBERTSON | E103: ROBERTSON | F103: ROBERTSON | G103: ROBERTSON | H103: DOUGLAS | I103: MILLAR
A104: Miller | B104: Miller | D104: ROBERTSON | E104: ROBERTSON | F104: ROBERTSON | G104: MILLER
...

Sheet Alderman
A1: Summary | B1: =COUNTIF(I2:I1072,C1)+COUNTIF(I2:I1072,D1) -> 1 | C1: Simon Leigh Robertson | D1: Jill Elaine Robertson
A2: Name | B2: Source | C2: Predicted Relationship | D2: Actual Relationship | E2: Shared DNA | F2: Common Male Ancestor | G2: Common Female Ancestor | H2: Relationship to Ancestor | I2: My Ancestry | J2: Matched Ancestry
A3: Mark Alderman | B3: Ancestry | C3: 5th-8th Cousin | D3: 8th Cousin 1xremoved | E3: 11cM | F3: John Alderman | G3: Dorothy Sargent | H3: 8G Grandparents | I3: Benjamin Alderman | J3: John Alderman
E4: 18cM | I4: Sarah Alderman | J4: John Alderman
I5: Mary Miller | J5: John Alderman
I6: Joseph Patrick | J6: William Alderman
I7: Thomas Patrick | J7: John Alderman
I8: William Simeon Patrick | J8: Charles William Alderman
I9: Emily Elizabeth Patrick | J9: Ernest Saunders Alderman
I10: Walter William Robertson | J10: Kenneth Walter Alderman
I11: Gordon Walter Robertson | J11: Mark K Alderman
I12: Simon Leigh Robertson

Sheet Angier
A1: Summary | B1: =COUNTIF(I2:I1080,C1)+COUNTIF(I2:I1080,D1) -> 3 | C1: Simon Leigh Robertson | D1: Jill Elaine Robertson
A2: Name | B2: Source | C2: Predicted Relationship | D2: Actual Relationship | E2: Shared DNA | F2: Common Male Ancestor | G2: Common Female Ancestor | H2: Relationship to Ancestor | I2: My Ancestry | J2: Matched Ancestry
A3: Douglas Eric Trent | B3: Ancestry | C3: 5th-8th Cousin | D3: 7th Cousin 1xremoved | E3: 10cM | F3: Cornelius Angier | G3: Martha Etheridge | H3: 6G Grandparents | I3: Margaret Angier | J3: Cornelius Angier
I4: John Disdale | J4: Charles Angier
I5: Emma Disdale | J5: Sarah Angier
I6: Susannah Shickle | J6: Robert Tweed
I7: Charlotte Lydia Brinkley | J7: Hannah Tweed
I8: Maud Bessie Hall | J8: Emma Hannah Opie
I9: June Margery Hall | J9: Charles Obert Trent
I10: Simon Leigh Robertson | J10: Douglas Eric Trent
A11: Desiree Bean | B11: Ancestry | C11: 5th-8th Cousin | D11: 7th Cousin 1xremoved | E11: 10cM | F11: Cornelius Angier | G11: Martha Etheridge | H11: 6G Grandparents | I11: Margaret Angier | J11: Cornelius Angier
I12: John Disdale | J12: Charles Angier
I13: Emma Disdale | J13: Sarah Angier
I14: Susannah Shickle | J14: Robert Tweed
I15: Charlotte Lydia Brinkley | J15: Hannah Tweed
I16: Maud Bessie Hall | J16: Emma Hannah Opie
I17: June Margery Hall | J17: Charles Obert Trent
I18: Simon Leigh Robertson | J18: Douglas Eric Trent
J19: Desiree Trent
A20: Edna Law | B20: Ancestry | C20: 5th-8th Cousin | D20: 6th Cousin 1xremoved | E20: 10cM | F20: Cornelius Angier | G20: Martha Etheridge | H20: 6G Grandparents | I20: Margaret Angier | J20: Robert Angier
I21: John Disdale | J21: Margaret Angier
I22: Emma Disdale | J22: Mary Deeks
I23: Susannah Shickle | J23: Thomas Rowland
I24: Charlotte Lydia Brinkley | J24: Walter F Rowland
I25: Maud Bessie Hall | J25: Rose Rowland
I26: June Margery Hall | J26: Edna Law
I27: Simon Leigh Robertson

Sheet Argent
A1: Summary | B1: =COUNTIF(I2:I1079,C1)+COUNTIF(I2:I1079,D1) -> 3 | C1: Simon Leigh Robertson | D1: Jill Elaine Robertson
A2: Name | B2: Source | C2: Predicted Relationship | D2: Actual Relationship | E2: Shared DNA | F2: Common Male Ancestor | G2: Common Female Ancestor | H2: Relationship to Ancestor | I2: My Ancestry | J2: Matched Ancestry
A3: Malcolm Haycox | B3: Ancestry | C3: 5th-8th Cousin | D3: 7th Cousin 1xremoved | E3: 14cM | F3: John Argent | G3: Elisabeth Goode | H3: 5G Grandparents | I3: Susannah Argent | J3: Susan Argent
I4: Thomas Beavis | J4: John Digsby
I5: James Beavis | J5: Eliza Digsby
I6: James Beavis | J6: John Cowell
I7: Mary Anne Beavis | J7: John Cowell
I8: Elsie Wilson | J8: Ellen Cowell
I9: Gordon Walter Robertson | J9: Elsie Elliston
I10: Simon Leigh Robertson | J10: Malcolm S Haycox
A11: Ann Flatman | B11: Ancestry | C11: 5th-8th Cousin | D11: 6th Cousin 1xremoved | E11: 10cM | F11: John Argent | G11: Elisabeth Goode | H11: 5G Grandparents | I11: Susannah Argent | J11: George Argent
I12: Thomas Beavis | J12: Susan Key Argent
I13: James Beavis | J13: Zachariah Goody
I14: James Beavis | J14: Jesse Goody
I15: Mary Anne Beavis | J15: Bertha Maria Goody
I16: Elsie Wilson | J16: Gus Flatman
I17: Gordon Walter Robertson | J17: Charles Flatman
I18: Simon Leigh Robertson | J18: Ann J Flatman
A19: peter_watson717 | B19: Ancestry | C19: 5th-8th Cousin | D19: 6th Cousin | E19: 6cM | F19: John Argent | G19: Sarah Brewster | H19: 5G Grandparents | I19: Susannah Argent | J19: John Argent
I20: Thomas Beavis | J20: John Argent
I21: James Beavis | J21: Joseph Argent
I22: James Beavis | J22: Laura Argent
I23: Mary Anne Beavis | J23: James Drew
I24: Elsie Wilson | J24: Kate drew
I25: Gordon Walter Robertson | J25: Peter A S Watson
I26: Simon Leigh Robertson

Sheet Beavis
A1: Summary | B1: =COUNTIF(I2:I1218,C1)+COUNTIF(I2:I1218,D1) -> 33 | C1: Simon Leigh Robertson | D1: Jill Elaine Robertson
A2: Name | B2: Source | C2: Predicted Relationship | D2: Actual Relationship | E2: Shared DNA | F2: Common Male Ancestor | G2: Common Female Ancestor | H2: Relationship to Ancestor | I2: My Ancestry | J2: Matched Ancestry
A3: Moira Monteith | B3: Ancestry | C3: 3rd-4th Cousin | D3: 3rd Cousin | E3: 108cM | F3: James Bevers | G3: Jane Beavers | H3: 2G Grandparents | I3: Mary Ann Bevers | J3: Walter Bevers
E4: 55cM | I4: Elsie Wilson | J4: Kate Bevers
I5: Gordon Walter Robertson | J5: Betty Last
I6: Simon Leigh Robertson | J6: Moira C Feeney
A7: Ted Hill | B7: Ancestry | C7: 3rd-4th Cousin | D7: 3rd Cousin | E7: 100cM | F7: James Bevers | G7: Jane Beavers | H7: 2G Grandparents | I7: Mary Ann Bevers | J7: Phoebe Beavis
I8: Elsie Wilson | J8: Edward Gill
I9: Gordon Walter Robertson | J9: Ruth Irene Gill
I10: Simon Leigh Robertson | J10: Ted Hill
A11: Gail Mason | B11: MyHeritage | C11: 3rd-5th Cousin | D11: 5th Cousin 1xremoved | E11: 63.9cM | F11: Thomas Bevis | G11: Susannah Argent | H11: 4G Grandparents | I11: James Beavers | J11: John Bevis
E12: 21.5cM | I12: Jane Beavers | J12: Elizabeth Bevis
I13: Mary Anne Beavis | J13: James Frost
I14: Elsie Wilson | J14: Katie Frost
I15: Gordon Walter Robertson | J15: Kenneth J Mason
I16: Simon Leigh Robertson | J16: Gail Mason
A17: Hilary Earl | B17: Ancestry | C17: 4th-6th Cousin | D17: 3rd Cousin 1xremoved | E17: 63cM | F17: James Bevers | G17: Jane Bevers | H17: 2G Grandparents | I17: Mary Ann Bevers | J17: James Beavers
E18: 35cM | I18: Elsie Wilson | J18: George James Beavers
I19: Gordon Walter Robertson | J19: Harold Walter Beavers
I20: Simon Leigh Robertson | J20: Ena Jose Bevers
J21: Hilary J Synder
A22: karenis1234 | B22: Ancestry | C22: 5th-8th Cousin | D22: 3rd Cousin | E22: 47cM | F22: James Bevers | G22: Jane Bevers | H22: 2G Grandparents | I22: Mary Ann Bevers | J22: Phobe Bevers
E23: 19cM | I23: Elsie Wilson | J23: Edward Gill
I24: Gordon Walter Robertson | J24: Beevers Edward Gill
I25: Simon Leigh Robertson | J25: Karen Gill
A26: Susan Jorgensen | B26: MyHeritage | C26: 5th-8th Cousin | D26: 5th Cousin 2xremoved | E26: 45cM | F26: Thomas Bevis | G26: Susannah Argent | H26: 4G Grandparents | I26: James Beavers | J26: John Bevis
I27: Jane Beavers | J27: Mary Beavis
I28: Mary Anne Beavis | J28: Susanna Brown
I29: Elsie Wilson | J29: Charles William Baldwin
I30: Gordon Walter Robertson | J30: Alice Edna Baldwin
I31: Simon Leigh Robertson | J31: Alice E Wilson
J32: Susan Wilson
A33: DEMARCSI | B33: Ancestry | C33: 5th-8th Cousin | D33: 5th Cousin | E33: 42cM | F33: Thomas Bevis | G33: Susannah Argent | H33: 4G Grandparents | I33: James Beavers | J33: John Bevis
E34: 19cM | I34: Jane Beavers | J34: Elizabeth Bevis
I35: Mary Anne Beavis | J35: William Frost
I36: Elsie Wilson | J36: William Frost
I37: Gordon Walter Robertson | J37: Harold Freeman Frost
I38: Simon Leigh Robertson | J38: Richard M Frost
A39: Miriam Roberts | B39: Ancestry | C39: 5th-8th Cousin | D39: 5th Cousin | E39: 42cM | F39: Thomas Bevis | G39: Susannah Argent | H39: 4G Grandparents | I39: James Beavers | J39: John Bevis
I40: Jane Beavers | J40: Susannah Beavis
I41: Mary Anne Beavis | J41: Hannah Saunders
I42: Elsie Wilson | J42: William Tyrrell
I43: Gordon Walter Robertson | J43: Edward Harry Tyrrell
I44: Simon Leigh Robertson | J44: Henry Maxwell Tyrrell
J45: Miriam Hind
A46: Mark James | B46: MyHeritage | C46: 5th-8th Cousin | D46: 5th Cousin 2xremoved | E46: 41cM | F46: Thomas Bevis | G46: Susannah Argent | H46: 4G Grandparents | I46: James Beavers | J46: John Bevis
I47: Jane Beavers | J47: Mary Beavis
I48: Mary Anne Beavis | J48: Susanna Brown
I49: Elsie Wilson | J49: Charles William Baldwin
I50: Gordon Walter Robertson | J50: Alice Edna Baldwin
I51: Simon Leigh Robertson | J51: Alice E Wilson
J52: Melanie Parkin
J53: Mark James
A54: Dan Earl | B54: Ancestry | C54: 4th-6th Cousin | D54: 3rd Cousin 2xremoved | E54: 33cM | F54: James Bevers | G54: Jane Bevers | H54: 2G Grandparents | I54: Mary Ann Bevers | J54: James Beavers
E55: 15cM | I55: Elsie Wilson | J55: George James Beavers
I56: Gordon Walter Robertson | J56: Harold Walter Beavers
I57: Simon Leigh Robertson | J57: Ena Jose Bevers
J58: Hilary J Synder
J59: Dan Earl
A60: Keir Monteith | B60: Ancestry | C60: 3rd-4th Cousin | D60: 3rd Cousin 1xremoved | E60: 32cM | F60: James Bevers | G60: Jane Beavis | H60: 2G Grandparents | I60: Mary Ann Bevers | J60: Walter Bevers
E61: 26cM | I61: Elsie Wilson | J61: Kate Bevers
I62: Gordon Walter Robertson | J62: Betty Last
I63: Simon Leigh Robertson | J63: Moira C Feeney
J64: Keir Monteith
A65: Lynnette Tyrrell | B65: Ancestry | C65: 5th-8th Cousin | D65: 5th Cousin 2xremoved | E65: 32cM | F65: Thomas Bevis | G65: Susannah Argent | H65: 4G Grandparents | I65: James Beavers | J65: John Beavis
I66: Jane Beavers | J66: Susannah Beavis
I67: Mary Anne Beavis | J67: Hannah Saunders
I68: Elsie Wilson | J68: William Tyrrell
I69: Gordon Walter Robertson | J69: Edward Harry Tyrrell
I70: Simon Leigh Robertson | J70: Henry Maxwell Tyrrell
J71: Ian Maxwell Tyrrell
J72: Lynnette Tyrrell
A73: Finn Monteith | B73: Ancestry | C73: 3rd-4th Cousin | D73: 3rd Cousin 2xremoved | E73: 31cM | F73: James Bevers | G73: Jane Beavis | H73: 2G Grandparents | I73: Mary Ann Bevers | J73: Walter Bevers
E74: 17cM | I74: Elsie Wilson | J74: Kate Bevers
I75: Gordon Walter Robertson | J75: Betty Last
I76: Simon Leigh Robertson | J76: Moira C Feeney
J77: Keir Monteith
J78: Finn Monteith
A79: Leif Monteith | B79: Ancestry | C79: 3rd-4th Cousin | D79: 3rd Cousin 2xremoved | E79: 31cM | F79: James Bevers | G79: Jane Beavis | H79: 2G Grandparents | I79: Mary Ann Bevers | J79: Walter Bevers
I80: Elsie Wilson | J80: Kate Bevers
I81: Gordon Walter Robertson | J81: Betty Last
I82: Simon Leigh Robertson | J82: Moira C Feeney
J83: Keir Monteith
J84: Leif O R Monteith
A85: Rosanna Agado | B85: Ancestry | C85: 3rd-4th Cousin | D85: 3rd Cousin 2xremoved | E85: 31cM | F85: James Bevers | G85: Jane Beavis | H85: 2G Grandparents | I85: Mary Ann Bevers | J85: James Beavis
I86: Elsie Wilson | J86: George James Beavers
I87: Gordon Walter Robertson | J87: Harold Walter Beavers
I88: Susan Jack | J88: Ena Jose Bevers
J89: Hilary J Synder
J90: Rosanna Jane Earl
A91: Sam Kemp | B91: Ancestry | C91: 4th-6th Cousin | D91: 3rd Cousin 1xremoved | E91: 28cM | F91: James Bevers | G91: Jane Beavis | H91: 2G Grandparents | I91: Mary Ann Bevers | J91: Walter Bevers
E92: 11cM | I92: Elsie Wilson | J92: Ellen Bevers
I93: Gordon Walter Robertson | J93: Patty Nellie Brough
I94: Simon Leigh Robertson | J94: Robert Kemp
J95: Samuel Kemp
A96: Kerry Heathcote | B96: Ancestry | C96: 5th-8th Cousin | D96: 5th Cousin 2xremoved | E96: 28cM | F96: Thomas Bevis | G96: Susannah Argent | H96: 4G Grandparents | I96: James Beavers | J96: James Beavis
I97: Jane Beavers | J97: Jane Beavers
I98: Mary Anne Beavis | J98: Emma Scarf
I99: Elsie Wilson | J99: Henry Wells
I100: Gordon Walter Robertson | J100: Gertrude May Wells
...

Sheet Biddle
A1: Summary | B1: =COUNTIF(I2:I1170,C1)+COUNTIF(I2:I1170,D1) -> 35 | C1: Simon Leigh Robertson | D1: Jill Elaine Robertson
A2: Name | B2: Source | C2: Predicted Relationship | D2: Actual Relationship | E2: Shared DNA | F2: Common Male Ancestor | G2: Common Female Ancestor | H2: Relationship to Ancestor | I2: My Ancestry | J2: Matched Ancestry
A3: Alan Bottell | B3: Ancestry | C3: 4th-6th Cousin | D3: 5th Cousin 1xremoved | E3: 42cM | F3: John Biddle | G3: Ann Dadley | H3: 4G Grandparents | I3: George Biddle | J3: Thomas Biddle
E4: 29cM | I4: Emma Biddle | J4: Ruth Biddle
I5: Emily Elizabeth Patrick | J5: James Berry
I6: Walter William Robertson | J6: Charlotte Emily Berry
I7: Gordon Walter Robertson | J7: George Herbert Bottle
I8: Simon Leigh Robertson | J8: William John Bottle
J9: Alan Bottle
A10: sarabottell | B10: Ancestry | C10: 4th-6th Cousin | D10: 5th Cousin 2xremoved | E10: 37cM | F10: John Biddle | G10: Ann Dadley | H10: 4G Grandparents | I10: George Biddle | J10: Thomas Biddle
E11: 21cM | I11: Emma Biddle | J11: Ruth Biddle
I12: Emily Elizabeth Patrick | J12: James Berry
I13: Walter William Robertson | J13: Charlotte Emily Berry
I14: Gordon Walter Robertson | J14: George Herbert Bottle
I15: Simon Leigh Robertson | J15: William John Bottle
J16: Albert J Bottell
J17: Sara Louise Bottell
A18: Barbara Short | B18: Ancestry | C18: 5th-8th Cousin | D18: 5th Cousin | E18: 7cM | F18: John Biddle | G18: Anne Dadley | H18: 5G Grandparents | I18: George Biddle | J18: Thomas Biddle
E19: 29cM | I19: Emma Biddle | J19: Ruth Biddle
I20: Emily Elizabeth Patrick | J20: James Berry
I21: Walter William Robertson | J21: Charlotte Emily Berry
I22: Gordon Walter Robertson | J22: George Herbert Bottle
I23: Simon Leigh Robertson | J23: Elizabeth M Bottle
J24: Barbara M Harvey
A25: Christine Ford | B25: Ancestry | C25: 5th-8th Cousin | D25: 4th Cousin | E25: 28cM | F25: George Biddle | G25: Harriet Isabella Sims | H25: 3G Grandparents | I25: Emma Biddle | J25: James Biddle
I26: Emily Elizabeth Patrick | J26: Alexander J Biddle
I27: Walter William Robertson | J27: George Thomas Biddle
I28: Gordon Walter Robertson | J28: Lilian Violet Biddle
I29: Simon Leigh Robertson | J29: Christine Mitchell
A30: Patricia Nugent | B30: Ancestry | C30: 5th-8th Cousin | D30: 5th Cousin | E30: 27cM | F30: John Biddle | G30: Anne Dadley | H30: 5G Grandparents | I30: George Biddle | J30: Richard Biddle
E31: 13cM | I31: Emma Biddle | J31: Jane Biddle
I32: Emily Elizabeth Patrick | J32: George Bluck
I33: Walter William Robertson | J33: Francis W Bluck
I34: Gordon Walter Robertson | J34: Beatrice L Bluck
I35: Simon Leigh Robertson | J35: Patricia Nugent
A36: Roger Geoffrey Farrer | B36: MyHeritage | C36: 3rd-5th Cousin | D36: 5th Cousin | E36: 26.2cM | F36: John Biddle | G36: Anne Dadley | H36: 4G Grandparents | I36: George Biddle | J36: Thomas Biddle
I37: Emma Biddle | J37: Daniel Biddle
I38: Emily Elizabeth Patrick | J38: Hannah Maria Biddle
I39: Elsie Wilson | J39: Bernard Eric Farrer
I40: Gordon Walter Robertson | J40: Bernard Humphrey Penfold Farrer
I41: Simon Leigh Robertson | J41: Roger Geoffrey Farrer
A42: John Howell | B42: Ancestry | C42: 5th-8th Cousin | D42: 5th Cousin 2xremoved | E42: 19cM | F42: John Biddle | G42: Anne Dadley | H42: 5G Grandparents | I42: George Biddle | J42: Thomas Biddle
I43: Emma Biddle | J43: Ruth Biddle
I44: Emily Elizabeth Patrick | J44: James Berry
I45: Walter William Robertson | J45: Charlotte Emily Berry
I46: Gordon Walter Robertson | J46: George Herbert Bottle
I47: Simon Leigh Robertson | J47: Doris May Bottle
J48: Patricia M Hardy
J49: John K Howell
A50: John Stokes | B50: Ancestry | C50: 5th-8th Cousin | D50: 5th Cousin 2xremoved | E50: 17cM | F50: John Biddle | G50: Anne Dadley | H50: 5G Grandparents | I50: George Biddle | J50: Anne Biddle
I51: Emma Biddle | J51: John Mills
I52: Emily Elizabeth Patrick | J52: Job Mills
I53: Walter William Robertson | J53: Job Mills
I54: Gordon Walter Robertson | J54: Walter Mills
I55: Simon Leigh Robertson | J55: Bert Mills
J56: Female Mills
J57: John Stokes
A58: Hannah Gravenor | B58: Ancestry | C58: 5th-8th Cousin | D58: 5th Cousin 1xremoved | E58: 17cM | F58: John Biddle | G58: Anne Dadley | H58: 5G Grandparents | I58: George Biddle | J58: Richard Biddle
I59: Emma Biddle | J59: Harriet Biddle
I60: Emily Elizabeth Patrick | J60: Mary Curnock
I61: Walter William Robertson | J61: Harry C Stephens
I62: Gordon Walter Robertson | J62: Joseph H Stephens
I63: Jill Elaine Robertson | J63: Pamela R Stephens
J64: Hannah Gravenor
A65: John Howell | B65: Ancestry | C65: 5th-8th Cousin | D65: 5th Cousin 2xremoved | E65: 16cM | F65: John Biddle | G65: Anne Dadley | H65: 5G Grandparents | I65: George Biddle | J65: Thomas Biddle
I66: Emma Biddle | J66: Ruth Biddle
I67: Emily Elizabeth Patrick | J67: James Berry
I68: Walter William Robertson | J68: Charlotte Emily Berry
I69: Gordon Walter Robertson | J69: George Herbert Bottle
I70: Jill Elaine Robertson | J70: Doris May Bottle
J71: Patricia M Hardy
J72: John K Howell
A73: Patrick Halpin | B73: Ancestry | C73: 5th-8th Cousin | D73: 5th Cousin 1xremoved | E73: 16cM | F73: John Biddle | G73: Anne Dadley | H73: 5G Grandparents | I73: George Biddle | J73: Thomas Biddle
E74: 16cM | I74: Emma Biddle | J74: Paul Biddle
I75: Emily Elizabeth Patrick | J75: Louisa Biddle
I76: Walter William Robertson | J76: Ernest Ravenscroft
I77: Gordon Walter Robertson | J77: Lilian Ravenscroft
I78: Jill Elaine Robertson | J78: Doreen Mary Lander
J79: Patrick D Halpin
A80: Kayleigh Garner | B80: MyHeritage | C80: 5th-8th Cousin | D80: 5th Cousin 2xremoved | E80: 15cM | F80: John Biddle | G80: Anne Dadley | H80: 5G Grandparents | I80: George Biddle | J80: Richard Biddle
I81: Emma Biddle | J81: Jane Biddle
I82: Emily Elizabeth Patrick | J82: George Bluck
I83: Walter William Robertson | J83: Francis W Bluck
I84: Gordon Walter Robertson | J84: Beatrice Louisa Bluck
I85: Jill Elaine Robertson | J85: Patricia Nugent
J86: Michael Richard Garner
J87: Kayleigh Louise Garner
A88: Pam Gravenor | B88: Ancestry | C88: 5th-8th Cousin | D88: 5th Cousin | E88: 14cM | F88: John Biddle | G88: Anne Dadley | H88: 5G Grandparents | I88: George Biddle | J88: Richard Biddle
I89: Emma Biddle | J89: Harriet Biddle
I90: Emily Elizabeth Patrick | J90: Mary Curnock
I91: Walter William Robertson | J91: Harry C Stephens
I92: Gordon Walter Robertson | J92: Joseph H Stephens
I93: Jill Elaine Robertson | J93: Pamela R Stephens
A94: su1689 | B94: Ancestry | C94: 5th-8th Cousin | D94: 5th Cousin 1xremoved | E94: 14cM | F94: John Biddle | G94: Anne Dadley | H94: 5G Grandparents | I94: George Biddle | J94: Epenetus Biddle
E95: 14cM | I95: Emma Biddle | J95: Caleb Hornby
I96: Emily Elizabeth Patrick | J96: Rosa Emily Hornby
I97: Walter William Robertson | J97: Samuel Ernest Russell
I98: Gordon Walter Robertson | J98: ColIN Hamilton Russell
I99: Jill Elaine Robertson | J99: Douglas Hamilton Russell
J100: Sue Russell
...

Sheet Bing
A1: Summary | B1: =COUNTIF(I2:I1067,C1)+COUNTIF(I2:I1067,D1) -> 1 | C1: Simon Leigh Robertson | D1: Jill Elaine Robertson
A2: Name | B2: Source | C2: Predicted Relationship | D2: Actual Relationship | E2: Shared DNA | F2: Common Male Ancestor | G2: Common Female Ancestor | H2: Relationship to Ancestor | I2: My Ancestry | J2: Matched Ancestry
A3: Marc Dilnutt | B3: Ancestry | C3: 5th-8th Cousin | D3: 10th Cousin 2xremoved | E3: 12cM | F3: Henry Bing | G3: Susan Symons | H3: 9G Grandparents | I3: John Bing | J3: Henry Bing
E4: 10cM | I4: Thomas Bing | J4: Henry Bing
I5: Thomas Bing | J5: John Bing
I6: Sarah Bing | J6: Henry Bing
I7: Joseph Dierson Mercer | J7: Ann Bing
I8: Eliza Mercer | J8: John Greenstreet
I9: Anne Bushell | J9: John Greenstreet
I10: Ellen Jezzard | J10: Mary Ann Greenstreet
I11: Jack Tucker | J11: Eve Sarah Taylor
I12: June Margery Hall | J12: Leslie Frank May
I13: Simon Leigh Robertson | J13: Vera Dorothy May
J14: Christopher R Dilnutt
J15: Marc Richard Dilnutt

Sheet Bloomfield
A1: Summary | B1: =COUNTIF(I2:I1173,C1)+COUNTIF(I2:I1173,D1) -> 22 | C1: Simon Leigh Robertson | D1: Jill Elaine Robertson
A2: Name | B2: Source | C2: Predicted Relationship | D2: Actual Relationship | E2: Shared DNA | F2: Common Male Ancestor | G2: Common Female Ancestor | H2: Relationship to Ancestor | I2: My Ancestry | J2: Matched Ancestry
A3: Edward Miller | B3: Ancestry | C3: 5th-8th Cousin | D3: 8th Cousin 1xRemoved | E3: 21cM | F3: Isaac Bloomfield | G3: Hannah Whitan | H3: 7G Grandparents | I3: Edward Bloomfield | J3: John Bloomfield
E4: 7cM | I4: Susanna Bloomfield | J4: John Bloomfield
I5: George Otley | J5: Hannah Bloomfield
I6: Elizabeth Otley | J6: Jane Easter
I7: Samuel Alfred Brinkley | J7: Julian Smith
I8: Charlotte Lydia Brinkley | J8: Herbert Henry Smith
I9: Maud Bessie Hall | J9: Mabel Edna Smith
I10: June Margery Hall | J10: Anthony R Chattan
I11: Simon Leigh Robertson | J11: Jennifer M Chattan
J12: Edward Daniel Miller
A13: B.H. | B13: Ancestry | C13: 5th-8th Cousin | D13: 7th Cousin | E13: 17cM | F13: Edward Bloomfield | G13: Honour Page | H13: 6G Grandparents | I13: Susanna Bloomfield | J13: George Bloomfield
E14: 12cM | I14: George Otley | J14: James E Bloomfield
I15: Elizabeth Otley | J15: Lydia Bloomfield
I16: Samuel Alfred Brinkley | J16: Sarah Bowers
I17: Charlotte Lydia Brinkley | J17: Laura Ellen Horsley
I18: Maud Bessie Hall | J18: Joseph Ernest Topham
I19: June Margery Hall | J19: Ivan Vergene Topham
I20: Simon Leigh Robertson | J20: B Topham
A21: Kris Steele | B21: Ancestry | C21: 5th-8th Cousin | D21: 7th Cousin | E21: 17cM | F21: Edward Bloomfield | G21: Honour Page | H21: 6G Grandparents | I21: Susanna Bloomfield | J21: George Bloomfield
I22: George Otley | J22: James E Bloomfield
I23: Elizabeth Otley | J23: Lydia Bloomfield
I24: Samuel Alfred Brinkley | J24: Sarah Bowers
I25: Charlotte Lydia Brinkley | J25: Arthur William Horsley
I26: Maud Bessie Hall | J26: William Watts Horsley
I27: June Margery Hall | J27: Arthur William Horsley
I28: Simon Leigh Robertson | J28: Kris Horsley
A29: Andrea Piquette | B29: Ancestry | C29: 5th-8th Cousin | D29: 7th Cousin | E29: 17cM | F29: Edward Bloomfield | G29: Honour Page | H29: 6G Grandparents | I29: Susanna Bloomfield | J29: George Bloomfield
I30: George Otley | J30: James E Bloomfield
I31: Elizabeth Otley | J31: John Bloomfield
I32: Samuel Alfred Brinkley | J32: James Henry Bloomfield
I33: Charlotte Lydia Brinkley | J33: Randolph Bloomfield
I34: Maud Bessie Hall | J34: Jean Margaret Bloomfield
I35: June Margery Hall | J35: Locke
I36: Simon Leigh Robertson | J36: Andrea
A37: tbonebetty | B37: Ancestry | C37: 5th-8th Cousin | D37: 7th Cousin | E37: 17cM | F37: Edward Bloomfield | G37: Honour Page | H37: 6G Grandparents | I37: Susanna Bloomfield | J37: George Bloomfield
I38: George Otley | J38: James E Bloomfield
I39: Elizabeth Otley | J39: Lydia Bloomfield
I40: Samuel Alfred Brinkley | J40: Sarah Bowers
I41: Charlotte Lydia Brinkley | J41: Laura Ellen Horsley
I42: Maud Bessie Hall | J42: Joseph Ernest Topham
I43: June Margery Hall | J43: Ivan Vergene Topham
I44: Simon Leigh Robertson | J44: Betty Lou Topham
A45: Catherine Allison | B45: Ancestry | C45: 5th-8th Cousin | D45: 7th Cousin | E45: 16cM | F45: Edward Bloomfield | G45: Honour Page | H45: 6G Grandparents | I45: Susanna Bloomfield | J45: George Bloomfield
E46: 12cM | I46: George Otley | J46: James E Bloomfield
I47: Elizabeth Otley | J47: Lydia Bloomfield
I48: Samuel Alfred Brinkley | J48: Sarah Bowers
I49: Charlotte Lydia Brinkley | J49: Ralph Horsley
I50: Maud Bessie Hall | J50: Marva May Horsley
I51: June Margery Hall | J51: Ervin Eugene Shaw
I52: Simon Leigh Robertson | J52: Catherine Ann Shaw
A53: Ian Walmsley | B53: Ancestry | C53: 5th-8th Cousin | D53: 7th Cousin | E53: 15cM | F53: Edward Bloomfield | G53: Honour Page | H53: 6G Grandparents | I53: Susanna Bloomfield | J53: Edward Bloomfield
E54: 8cM | I54: George Otley | J54: David Bloomfield
I55: Elizabeth Otley | J55: John Bloomfield
I56: Samuel Alfred Brinkley | J56: Jemima Bloomfield
I57: Charlotte Lydia Brinkley | J57: Agnes Bloomfield
I58: Maud Bessie Hall | J58: Dorothy W Francis
I59: June Margery Hall | J59: Heather Rose Hurrell
I60: Simon Leigh Robertson | J60: Ian Clive Walmsley
A61: happydays529 | B61: Ancestry | C61: 5th-8th Cousin | D61: 7th Cousin | E61: 15cM | F61: Edward Bloomfield | G61: Honour Page | H61: 6G Grandparents | I61: Susanna Bloomfield | J61: George Bloomfield
I62: George Otley | J62: James E Bloomfield
I63: Elizabeth Otley | J63: Lydia Bloomfield
I64: Samuel Alfred Brinkley | J64: Sarah Bowers
I65: Charlotte Lydia Brinkley | J65: Herman B Horsley
I66: Maud Bessie Hall | J66: Albert Ensign Horsley
I67: June Margery Hall | J67: Erma Sylvia Horsley
I68: Simon Leigh Robertson | J68: Happydays Burnside
A69: Jeremy Parker | B69: Ancestry | C69: 5th-8th Cousin | D69: 7th Cousin 1xremoved | E69: 13cM | F69: Edward Bloomfield | G69: Honour Page | H69: 6G Grandparents | I69: Susanna Bloomfield | J69: George Bloomfield
I70: George Otley | J70: James E Bloomfield
I71: Elizabeth Otley | J71: Lydia Bloomfield
I72: Samuel Alfred Brinkley | J72: Sarah Bowers
I73: Charlotte Lydia Brinkley | J73: Herman B Horsley
I74: Maud Bessie Hall | J74: Rava Marie Horsley
I75: June Margery Hall | J75: Louis Joseph Barker
I76: Simon Leigh Robertson | J76: Male Barker
J77: Jeremy Barker
A78: mtate75 | B78: Ancestry | C78: 5th-8th Cousin | D78: 7th Cousin | E78: 13cM | F78: Edward Bloomfield | G78: Honour Page | H78: 6G Grandparents | I78: Susanna Bloomfield | J78: George Bloomfield
I79: George Otley | J79: James E Bloomfield
I80: Elizabeth Otley | J80: Lydia Bloomfield
I81: Samuel Alfred Brinkley | J81: Sarah Bowers
I82: Charlotte Lydia Brinkley | J82: Arthur William Horsley
I83: Maud Bessie Hall | J83: William Watts Horsley
I84: June Margery Hall | J84: Arthur William Horsley
I85: Simon Leigh Robertson | J85: Kris Horsley
J86: mtate75
A87: Linda Sue Earl | B87: Ancestry | C87: 5th-8th Cousin | D87: 7th Cousin | E87: 13cM | F87: Edward Bloomfield | G87: Honour Page | H87: 6G Grandparents | I87: Susanna Bloomfield | J87: George Bloomfield
I88: George Otley | J88: James E Bloomfield
I89: Elizabeth Otley | J89: Lydia Bloomfield
I90: Samuel Alfred Brinkley | J90: Sarah Bowers
I91: Charlotte Lydia Brinkley | J91: Laura Ellen Horsley
I92: Maud Bessie Hall | J92: Joseph Ernest Topham
I93: June Margery Hall | J93: Ivan Vergene Topham
I94: Simon Leigh Robertson | J94: Linda Sue Topham
A95: Steven Lanell Topham | B95: Ancestry | C95: 5th-8th Cousin | D95: 7th Cousin | E95: 13cM | F95: Edward Bloomfield | G95: Honour Page | H95: 6G Grandparents | I95: Susanna Bloomfield | J95: George Bloomfield
I96: George Otley | J96: James E Bloomfield
I97: Elizabeth Otley | J97: Lydia Bloomfield
I98: Samuel Alfred Brinkley | J98: Sarah Bowers
I99: Charlotte Lydia Brinkley | J99: Laura Ellen Horsley
I100: Maud Bessie Hall | J100: Joseph Ernest Topham
...

Sheet Boreham
A1: Summary | B1: =COUNTIF(I2:I1093,C1)+COUNTIF(I2:I1093,D1) -> 16 | C1: Simon Leigh Robertson | D1: Jill Elaine Robertson
A2: Name | B2: Source | C2: Predicted Relationship | D2: Actual Relationship | E2: Shared DNA | F2: Common Male Ancestor | G2: Common Female Ancestor | H2: Relationship to Ancestor | I2: My Ancestry | J2: Matched Ancestry
A3: Wendy Corkett | B3: MyHeritage | C3: 3rd-4th Cousin | D3: 3rd Cousin 1xremoved | E3: 77.6cM | F3: Joseph Boreham | G3: Hannah Rayner | H3: 3G Grandparents | I3: Hannah Agnes Boreham | J3: Alfred Charles Boreham
I4: Clifford William Wilson | J4: Frederick Cyril Boreham
I5: Elsie Wilson | J5: Ivy Phyllis Boreham
I6: Gordon Walter Robertson | J6: Wendy J Harden
I7: Simon Leigh Robertson
A8: Meg Fahey | B8: MyHeritage | C8: 3rd-5th Cousin | D8: 4th Cousin 1xremoved | E8: 52.2cM | F8: Joseph Boreham | G8: Hannah Rayner | H8: 3G Grandparents | I8: Hannah Agnes Boreham | J8: Alfred Charles Boreham
E9: 10cM | I9: Clifford William Wilson | J9: Frederick Cyril Boreham
I10: Elsie Wilson | J10: Ruby Alice Boreham
I11: Gordon Walter Robertson | J11: Colin R Trollope
I12: Simon Leigh Robertson | J12: Karen Anne Trollope
J13: Meg Fahey
A14: David Wallace | B14: MyHeritage | C14: 5th-8th Cousin | D14: 5th Cousin | E14: 34cM | F14: Jasper Boreham | G14: Susanna Camp | H14: 4G Grandparents | I14: Joseph Boreham | J14: Elizabeth Boreham
A15: Dave Wallace | B15: Ancestry | I15: Hannah Agnes Boreham | J15: Charles Mynett
I16: Clifford William Wilson | J16: Samuel Mynett
I17: Elsie Wilson | J17: Gladys Mary Mynett
I18: Gordon Walter Robertson | J18: David J Wallace
I19: Simon Leigh Robertson
A20: Tim Jee | B20: MyHeritage | C20: 5th-8th Cousin | D20: 5th Cousin | E20: 27cM | F20: Jasper Boreham | G20: Susanna Camp | H20: 4G Grandparents | I20: Joseph Boreham | J20: Elizabeth Boreham
I21: Hannah Agnes Boreham | J21: Charles Mynett
I22: Clifford William Wilson | J22: Samuel Mynett
I23: Elsie Wilson | J23: Gladys Mary Mynett
I24: Gordon Walter Robertson | J24: Wendy Mary Pratt
I25: Simon Leigh Robertson | J25: Tim Jee
A26: MRWeitkamp | B26: Ancestry | C26: 4th-6th Cousin | D26: 3rd Cousin 1xremoved | E26: 26cM | F26: Joseph Boreham | G26: Hannah Rayner | H26: 3G Grandparents | I26: Hannah Agnes Boreham | J26: Alfred Charles Boreham
I27: Clifford William Wilson | J27: Julia Emmeline Boreham
I28: Elsie Wilson | J28: Marion Faith Bicknell
I29: Gordon Walter Robertson | J29: Margaret Rosemary Burrows
I30: Simon Leigh Robertson
A31: Michelle Bryan | B31: Ancestry | C31: 4th-6th Cousin | D31: 4th Cousin 1xremoved | E31: 26cM | F31: Joseph Boreham | G31: Hannah Rayner | H31: 3G Grandparents | I31: Hannah Agnes Boreham | J31: Alfred Charles Boreham
I32: Clifford William Wilson | J32: Rosina J Boreham
I33: Elsie Wilson | J33: Florence Maud Eley
I34: Gordon Walter Robertson | J34: Marie K E Scutchings
I35: Simon Leigh Robertson | J35: Michael R Thorpe
J36: Michelle Nicola Thorpe
A37: dkspittle1 | B37: Ancestry | C37: 4th-6th Cousin | D37: 4th Cousin | E37: 24cM | F37: Joseph Boreham | G37: Hannah Rayner | H37: 3G Grandparents | I37: Hannah Agnes Boreham | J37: William Rayner Boreham
I38: Clifford William Wilson | J38: William T Boreham
I39: Elsie Wilson | J39: Amy Jean Boreham
I40: Gordon Walter Robertson | J40: Gillian Agnes Edgard
I41: Simon Leigh Robertson | J41: D K Spittle
A42: Alan Phillips | B42: Ancestry | C42: 5th-8th Cousin | D42: 6th Cousin | E42: 23cM | F42: Jasper Boreham | G42: Mary Pavett | H42: 5G Grandparents | I42: Jasper Boreham | J42: James Boreham
I43: Joseph Boreham | J43: Sarah Boreham
I44: Hannah Agnes Boreham | J44: Thomas Marrable
I45: Clifford William Wilson | J45: Lily Eleanor Marrable
I46: Elsie Wilson | J46: William George Wallis
I47: Gordon Walter Robertson | J47: Female wallis
I48: Jill Elaine Robertson | J48: Alan Phillips
A49: Dawn Rabinowitz | B49: 23AndMe | C49: 4th-6th Cousin | D49: 3rd Cousin 1xremoved | E49: 22cM | F49: Joseph Boreham | G49: Hannah Rayner | H49: 3G Grandparents | I49: Hannah Agnes Boreham | J49: William Rayner Boreham
I50: Clifford William Wilson | J50: Leonard Boreham
I51: Elsie Wilson | J51: Doreen Ada Boreham
I52: Gordon Walter Robertson | J52: Dawn Rabinowitz
I53: Simon Leigh Robertson
A54: Virginia Hart | B54: Ancestry | C54: 5th-8th Cousin | D54: 5th Cousin | E54: 22cM | F54: Jasper Boreham | G54: Susanna Camp | H54: 4G Grandparents | I54: Joseph Boreham | J54: William Boreham
I55: Hannah Agnes Boreham | J55: William Boreham
I56: Clifford William Wilson | J56: Arthur William Boreham
I57: Elsie Wilson | J57: Frederick William Boreham
I58: Gordon Walter Robertson | J58: Peggy V L Boreham
I59: Simon Leigh Robertson | J59: Virginia Hart
A60: Serena Jane | B60: Ancestry | C60: 5th-8th Cousin | D60: 5th Cousin | E60: 19cM | F60: Jasper Boreham | G60: Susanna Camp | H60: 4G Grandparents | I60: Joseph Boreham | J60: Elizabeth Boreham
A61: Serena Wallace | B61: MyHeritage | I61: Hannah Agnes Boreham | J61: Charles Mynett
I62: Clifford William Wilson | J62: Samuel Mynett
I63: Elsie Wilson | J63: Gladys Mary Mynett
I64: Gordon Walter Robertson | J64: David J Wallace
I65: Simon Leigh Robertson | J65: Serena Jane Wallace
A66: Tina Hoberecht | B66: MyHeritage | C66: 3rd-5th Cousin | D66: 4th Cousin | E66: 18cM | F66: Joseph Boreham | G66: Hannah Rayner | H66: 3G Grandparents | I66: Hannah Agnes Boreham | J66: Josiah Boreham
I67: Clifford William Wilson | J67: Edith Emily Boreham
I68: Elsie Wilson | J68: Ralph Raymond Clark
I69: Gordon Walter Robertson | J69: Barbara Lou Clark
I70: Simon Leigh Robertson | J70: Tina Morrison
A71: PCAMO | B71: Ancestry | C71: 5th-8th Cousin | D71: 6th Cousin | E71: 19cM | F71: Jasper Boreham | G71: Mary Pavett | H71: 5G Grandparents | I71: Jasper Boreham | J71: James Boreham
I72: Joseph Boreham | J72: James Boreham
I73: Hannah Agnes Boreham | J73: William James Boreham
I74: Clifford William Wilson | J74: Henry Albert Boreham
I75: Elsie Wilson | J75: Nancy Isabelle Boreham
I76: Gordon Walter Robertson | J76: Female Walker
I77: Jill Elaine Robertson | J77: pcamo Carroll
A78: Mackenzie Grace Fahey | B78: MyHeritage | C78: 3rd-5th Cousin | D78: 4th Cousin 2xremoved | E78: 12cM | F78: Joseph Boreham | G78: Hannah Rayner | H78: 3G Grandparents | I78: Hannah Agnes Boreham | J78: Alfred Charles Boreham
I79: Clifford William Wilson | J79: Frederick Cyril Boreham
I80: Elsie Wilson | J80: Ruby Alice Boreham
I81: Gordon Walter Robertson | J81: Colin R Trollope
I82: Simon Leigh Robertson | J82: Karen Anne Trollope
J83: Meg Fahey
J84: Mackenzie Grace Radzki
A85: Paul Edward O'sullivan | B85: Ancestry | C85: 4th-6th Cousin | D85: 4th Cousin | E85: 11cM | F85: Joseph Boreham | G85: Hannah Rayner | H85: 3G Grandparents | I85: Hannah Agnes Boreham | J85: Alfred Charles Boreham
I86: Clifford William Wilson | J86: Sidney S Boreham
I87: Elsie Wilson | J87: Lucy E R Boreham
I88: Gordon Walter Robertson | J88: Sylvia Rose Claydon
I89: Susan Jack | J89: Paul E O'sullivan
A90: Neal Topley | B90: Ancestry | C90: 5th-8th Cousin | D90: 6th Cousin | E90: 9cM | F90: Jasper Boreham | G90: Mary Pavett | H90: 5G Grandparents | I90: Jasper Boreham | J90: James Boreham
I91: Joseph Boreham | J91: Sarah Boreham
I92: Hannah Agnes Boreham | J92: William Marrable
I93: Clifford William Wilson | J93: Alice Marrable
I94: Elsie Wilson | J94: Doris Ida O'Neill
I95: Gordon Walter Robertson | J95: William Topley
I96: Simon Leigh Robertson | J96: Neal Topley
A97: lachlan robertson | B97: Ancestry | C97: 5th-8th Cousin | D97: 6th Cousin 1xremoved | E97: 6cM | F97: Jasper Boreham | G97: Mary Pavett | H97: 5G Grandparents | I97: Jasper Boreham | J97: James Boreham
I98: Joseph Boreham | J98: Sarah Boreham
I99: Hannah Agnes Boreham | J99: Esther Emery
I100: Clifford William Wilson | J100: Ernest John Ward
...

Sheet Brinkley
A1: Summary | B1: =COUNTIF(I2:I1147,C1)+COUNTIF(I2:I1147,D1) -> 43 | C1: Simon Leigh Robertson | D1: Jill Elaine Robertson
A2: Name | B2: Source | C2: Predicted Relationship | D2: Actual Relationship | E2: Shared DNA | F2: Common Male Ancestor | G2: Common Female Ancestor | H2: Relationship to Ancestor | I2: My Ancestry | J2: Matched Ancestry | K2: INDEX
A3: Caroline Marsh | B3: Ancestry | C3: 4th-6th Cousin | D3: 4th Cousin | E3: 33cM | F3: Samuel Brinkley | G3: Elizabeth Otley | H3: 3G Grandparents | I3: Samuel Alfred Brinkley | J3: John O Brinkley | K3: {=_xlfn._xlws.SORT(_xlfn.UNIQUE(_xlfn._xlws.FILTER(J:J, J:J <> "")))} -> #VALUE!
E4: 50cM | I4: Charlotte Lydia Brinkley | J4: Louisa Sarah Brinkley
I5: Maud Bessie Hall | J5: Pretoria May Hawes
I6: June Margery Hall | J6: Myrtle Edith V Bennett
I7: Simon Leigh Robertson | J7: Caroline Springings
A8: W.P. | B8: Ancestry | C8: 4th-6th Cousin | D8: 3rd Cousin 1xremoved | E8: 34cM | F8: Samuel Brinkley | G8: Elizabeth Otley | H8: 3G Grandparents | I8: Samuel Alfred Brinkley | J8: Ellen Maria Brinkley | K8: {=_xlfn._xlws.SORT(_xlfn.UNIQUE(_xlfn._xlws.FILTER(J:J, J:J <> "")))} -> A Williams
E9: 24cM | I9: Charlotte Lydia Brinkley | J9: Elsie E Foreman | K9: Abraham Brinkley
I10: Maud Bessie Hall | J10: Charles Kelt | K10: Ada Jane Balls
I11: June Margery Hall | J11: Male Skelt | K11: Alan Frank Youngman
I12: Simon Leigh Robertson | K12: Alfred Arthur John King
A13: Baron Glossop | B13: MyHeritage | C13: 4th-6th Cousin | D13: 3rd Cousin 1xremoved | E13: 32cM | F13: Samuel Brinkley | G13: Elizabeth Otley | H13: 3G Grandparents | I13: Samuel Alfred Brinkley | J13: John O Brinkley | K13: Alice Elsden
I14: Charlotte Lydia Brinkley | J14: Louisa Sarah Brinkley | K14: Alice Maud Bean
I15: Maud Bessie Hall | J15: Edith Emma Hawes | K15: Alice Ranson
I16: June Margery Hall | J16: Violet M Kirkby | K16: Amelia Ann Brooks
I17: Simon Leigh Robertson | J17: Barron Glossop | K17: Angela J Moore
A18: JRM01 | B18: Ancestry | C18: 5th-8th Cousin | D18: 4th Cousin 1xremoved | E18: 30cM | F18: William Brinkley | G18: Elizabeth Ruddock | H18: 4G Grandparents | I18: Samuel Brinkley | J18: Mary Brinkley | K18: Ann Brinkley
E19: 13cM | I19: Samuel Alfred Brinkley | J19: John Balls | K19: Barbara Joan Blow
I20: Charlotte Lydia Brinkley | J20: Ada Jane Balls | K20: Barbara Joan Elcome
I21: Maud Bessie Hall | J21: Rose Anne Frost | K21: Barron Glossop
I22: June Margery Hall | J22: June R Williams | K22: Beersheba Brinkley
I23: Simon Leigh Robertson | K23: Benjamin Brinkley
A24: Gareth Young | B24: Ancestry | C24: 4th-6th Cousin | D24: 4th Cousin 1xremoved | E24: 28cM | F24: Samuel Brinkley | G24: Elizabeth Otley | H24: 3G Grandparents | I24: Samuel Alfred Brinkley | J24: Samuel James Brinkley | K24: Buford Eugene Edison
E25: 9cM | I25: Charlotte Lydia Brinkley | J25: Walter Brinkley | K25: Capt William Brinkley
I26: Maud Bessie Hall | J26: Sidney Charles Brinkley | K26: Caroline Springings
I27: June Margery Hall | J27: Molly Kathleen Brinkley | K27: Cater B Brinkley
I28: Simon Leigh Robertson | J28: Deborah K Bowers | K28: Celia Ann Newport
J29: Gareth David Young | K29: Charles Kelt
A30: Kayla Burke | B30: Ancestry | C30: 4th-6th Cousin | D30: 4th Cousin | E30: 27cM | F30: Samuel Brinkley | G30: Elizabeth Otley | H30: 3G Grandparents | I30: Samuel Alfred Brinkley | J30: Ellen Maria Brinkley | K30: Claire Rebecca Townsend
E31: 17cM | I31: Charlotte Lydia Brinkley | J31: James John Foreman | K31: Clara Borley
I32: Maud Bessie Hall | J32: Elsie E Foreman | K32: Colin S T Bosher
I33: June Margery Hall | J33: Female Lloyd | K33: Colin Strangward
I34: Simon Leigh Robertson | J34: Kayla Burke | K34: Constance Stella Balls
A35: kevanfrost | B35: Ancestry | C35: 4th-6th Cousin | D35: 5th Cousin | E35: 25cM | F35: William Brinkley | G35: Elizabeth Ruddock | H35: 4G Grandparents | I35: Samuel Brinkley | J35: Mary Brinkley | K35: Daniel Brinkley
E36: 18cM | I36: Samuel Alfred Brinkley | J36: John Balls | K36: Darren James Newport
I37: Charlotte Lydia Brinkley | J37: Ada Jane Balls | K37: David Edward Newport
I38: Maud Bessie Hall | J38: Thomas William Frost | K38: David John Williams
I39: June Margery Hall | J39: Male Frost | K39: Deborah K Bowers
I40: Simon Leigh Robertson | J40: Kevan N Frost | K40: Doreen Joyce Blow
A41: gerrylloyd1947 | B41: Ancestry | C41: 4th-6th Cousin | D41: 3rd Cousin 1xremoved | E41: 24cM | F41: Samuel Brinkley | G41: Elizabeth Otley | H41: 3G Grandparents | I41: Samuel Alfred Brinkley | J41: Ellen Maria Brinkley | K41: Edith Emma Hawes
E42: 10cM | I42: Charlotte Lydia Brinkley | J42: James John Foreman | K42: Edward Balls
I43: Maud Bessie Hall | J43: Elsie E Foreman | K43: Edward John Brinkley
I44: June Margery Hall | J44: Gerry Lloyd | K44: Edward Ranson
I45: Simon Leigh Robertson | K45: Edwina Margaret Elcome
A46: Zack youngman | B46: Ancestry | C46: 4th-6th Cousin | D46: 4th Cousin | E46: 22cM | F46: Samuel Brinkley | G46: Elizabeth Otley | H46: 3G Grandparents | I46: Samuel Alfred Brinkley | J46: Sarah Ann S Brinkley | K46: Eileen roselle Harding
I47: Charlotte Lydia Brinkley | J47: Alice Elsden | K47: Elizabeth Jane Borley
I48: Maud Bessie Hall | J48: Ethel Beatrice Edhouse | K48: Ellen Barrell
I49: June Margery Hall | J49: Alan Frank Youngman | K49: Ellen Maria Brinkley
I50: Simon Leigh Robertson | J50: Zack Youngman | K50: Elsie E Foreman
A51: SDG1902 | B51: Ancestry | C51: 5th-8th Cousin | D51: 5th Cousin | E51: 22cM | F51: William Brinkley | G51: Elizabeth Ruddock | H51: 4G Grandparents | I51: Samuel Brinkley | J51: Mary Brinkley | K51: Elsie May Hayward
E52: 13cM | I52: Samuel Alfred Brinkley | J52: john balls | K52: Emily Balls
I53: Charlotte Lydia Brinkley | J53: Ada Jane Balls | K53: Emily Elizabeth Hey
I54: Maud Bessie Hall | J54: Rose Anne Frost | K54: Emmett West
I55: June Margery Hall | J55: June R Williams | K55: Ethel Beatrice Edhouse
I56: Simon Leigh Robertson | J56: S D Moore | K56: Ethel Yates
A57: AJM1503 | B57: Ancestry | C57: 5th-8th Cousin | D57: 5th Cousin | E57: 18cM | F57: William Brinkley | G57: Elizabeth Ruddock | H57: 4G Grandparents | I57: Samuel Brinkley | J57: Mary Brinkley | K57: Eva Jane Lord
E58: 13cM | I58: Samuel Alfred Brinkley | J58: John Balls | K58: Female Edison
I59: Charlotte Lydia Brinkley | J59: Ada Jane Balls | K59: Female Keen
I60: Maud Bessie Hall | J60: Rose Anne Frost | K60: Female Lloyd
I61: June Margery Hall | J61: June R Williams | K61: Female Scott
I62: Simon Leigh Robertson | J62: Angela J Moore | K62: Female Shelton
A63: oldskooler68 | B63: Ancestry | C63: 5th-8th Cousin | D63: 9th Cousin | E63: 16cM | F63: Edmundus Brinkley | G63: Sarah Wyatt | H63: 8G Grandparents | I63: William Brinkley | J63: Jacob James Brinkley | K63: Female Warren
I64: William Brinkley | J64: Peter Brinkley | K64: Female West
I65: John Brinkley | J65: William Brinkley | K65: Florence Ellen Shedd
I66: William Brinkley | J66: Kendall Brinkley | K66: Frederick Goodfellow
I67: Samuel Brinkley | J67: William A Brinkley | K67: Gabriel James Andrews
I68: Samuel Alfred Brinkley | J68: Minta L Brinkley | K68: Gareth David Young
I69: Charlotte Lydia Brinkley | J69: Emmett West | K69: Genette Clodfelter
I70: Maud Bessie Hall | J70: Emmett West | K70: George Goodfellow
I71: June Margery Hall | J71: Female West | K71: George W Yates
I72: Simon Leigh Robertson | J72: Female Warren | K72: Georgina Roma
A73: Scott Morley | B73: Ancestry | C73: 5th-8th Cousin | D73: 5th Cousin | E73: 16cM | F73: William Brinkley | G73: Elizabeth Ruddock | H73: 4G Grandparents | I73: Samuel Brinkley | J73: Mary Brinkley | K73: Gerry Lloyd
I74: Samuel Alfred Brinkley | J74: Jane Balls | K74: Gertrude Maude Roma
I75: Charlotte Lydia Brinkley | J75: Harriet Ranson | K75: Grady Henry Brinkley
I76: Maud Bessie Hall | J76: Elsie May Hayward | K76: Gwendoline Williams
I77: June Margery Hall | J77: Georgina Roma | K77: Harriet Ranson
I78: Jill Elaine Robertson | J78: Scott Morley | K78: Harry Brinkley
A79: A.W. | B79: Ancestry | C79: 5th-8th Cousin | D79: 9th Cousin 3xremoved | E79: 15cM | F79: Edmundus Brinkley | G79: Sarah Wyatt | H79: 8G Grandparents | I79: William Brinkley | J79: Jacob James Brinkley | K79: Henry H Johnson
E80: 11cM | I80: William Brinkley | J80: Peter Brinkley | K80: Horrace Wigmore Bowles
I81: John Brinkley | J81: Peter Brinkley | K81: J Williams
I82: William Brinkley | J82: Capt William Brinkley | K82: Jack Brooks
I83: Samuel Brinkley | J83: Abraham Brinkley | K83: Jacob Brinkley
I84: Samuel Alfred Brinkley | J84: Benjamin Brinkley | K84: Jacob James Brinkley
I85: Charlotte Lydia Brinkley | J85: Nathan Brinkley | K85: Jacob Martin Loy
I86: Maud Bessie Hall | J86: John F Brinkley | K86: James Brinkley
I87: June Margery Hall | J87: Grady Henry Brinkley | K87: James John Foreman
I88: Simon Leigh Robertson | J88: Juanita Dell Brinkley | K88: Jan Johnson
J89: Male shelton | K89: Jane Balls
J90: Female Shelton | K90: Jane Wheeler
J91: A Williams | K91: Janet M Chinery
A92: Georgina Morley | B92: Ancestry | C92: 5th-8th Cousin | D92: 4th Cousin 1xremoved | E92: 14cM | F92: William Brinkley | G92: Elizabeth Ruddock | H92: 4G Grandparents | I92: Samuel Brinkley | J92: Mary Brinkley | K92: Janice L Wortley
I93: Samuel Alfred Brinkley | J93: Jane Balls | K93: Janine A King
I94: Charlotte Lydia Brinkley | J94: Harriet Ranson | K94: Jean E Cullen
I95: Maud Bessie Hall | J95: Elsie May Hayward | K95: Jean Lord
I96: June Margery Hall | J96: Georgina Roma | K96: Jillian Ranson
I97: Simon Leigh Robertson | K97: Joe Lord
A98: Kira Hill | B98: Ancestry | C98: 5th-8th Cousin | D98: 5th Cousin 1xremoved | E98: 14cM | F98: William Brinkley | G98: Elizabeth Ruddock | H98: 4G Grandparents | I98: Samuel Brinkley | J98: William Brinkley | K98: John Balls
I99: Samuel Alfred Brinkley | J99: James Brinkley | K99: John Brinkley
I100: Charlotte Lydia Brinkley | J100: Edward John Brinkley | K100: John Edward Andrews
...

Sheet Bushell
A1: Summary | B1: =COUNTIF(I2:I1116,C1)+COUNTIF(I2:I1116,D1) -> 28 | C1: Simon Leigh Robertson | D1: Jill Elaine Robertson
A2: Name | B2: Source | C2: Predicted Relationship | D2: Actual Relationship | E2: Shared DNA | F2: Common Male Ancestor | G2: Common Female Ancestor | H2: Relationship to Ancestor | I2: My Ancestry | J2: Matched Ancestry
A3: Karen Frances McMahon | B3: MyHeritage | C3: 3rd-5th Cousin | D3: 5th Cousin | E3: 37cM | F3: John Maxted Bushell | G3: Mary Pittock | H3: 4G Grandparents | I3: Thomas Bushell | J3: William Bushell
E4: 20cM | I4: Anne Bushell | J4: Mary Jane Bushell
I5: Ellen Jezzard | J5: Horace J Coleman
I6: Jack Tucker | J6: Lilian Irene M Coleman
I7: June Margery Hall | J7: Mary Louisa Wait
I8: Simon Leigh Robertson | J8: Karen F Mitchell
A9: Wittber | B9: MyHeritage | C9: 3rd-5th Cousin | D9: 5th Cousin 1xremoved | E9: 32cM | F9: John Maxted Bushell | G9: Mary Pittock | H9: 4G Grandparents | I9: Thomas Bushell | J9: William Bushell
I10: Anne Bushell | J10: Mary Jane Bushell
I11: Ellen Jezzard | J11: Horace J Coleman
I12: Jack Tucker | J12: Lilian Irene M Coleman
I13: June Margery Hall | J13: Mary Louisa Wait
I14: Simon Leigh Robertson | J14: Mitchell
J15: Judith Lillian Witber
A16: Claire Coleman | B16: Ancestry | C16: 3rd-5th Cousin | D16: 5th Cousin 1xremoved | E16: 30cM | F16: John Maxted Bushell | G16: Mary Pittock | H16: 4G Grandparents | I16: Thomas Bushell | J16: William Bushell
I17: Anne Bushell | J17: Mary Jane Bushell
I18: Ellen Jezzard | J18: Harry Walter Coleman
I19: Jack Tucker | J19: Clifford Cecil Coleman
I20: June Margery Hall | J20: Kenneth G Coleman
I21: Simon Leigh Robertson | J21: Male Coleman
J22: Claire Coleman
A23: Sarah Leonard | B23: MyHeritage | C23: 3rd-5th Cousin | D23: 4th Cousin | E23: 28.9cM | F23: Thomas Bushell | G23: Eliza Mercer | H23: 3G Grandparents | I23: Anne Bushell | J23: Alfred Bushell
I24: Ellen Jezzard | J24: Charles John Bushell
I25: Jack Tucker | J25: Ellen Elizabeth Bushell
I26: June Margery Hall | J26: Albert E Leonard
I27: Simon Leigh Robertson | J27: Sarah Ellen Leonard
A28: Craig Coleman | B28: MyHeritage | C28: 3rd-5th Cousin | D28: 5th Cousin | E28: 27cM | F28: John Maxted Bushell | G28: Mary Pittock | H28: 4G Grandparents | I28: Thomas Bushell | J28: William Bushell
E29: 22cM | I29: Anne Bushell | J29: Mary Jane Bushell
I30: Ellen Jezzard | J30: Horace J Coleman
I31: Jack Tucker | J31: Harold John Coleman
I32: June Margery Hall | J32: Ronald Horace Coleman
I33: Simon Leigh Robertson | J33: Craig Stephen Coleman
A34: Dolly1914 | B34: Ancestry | C34: 5th-8th Cousin | D34: 3rd Cousin 1xremoved | E34: 24cM | F34: Thomas Bushell | G34: Eliza Mercer | H34: 3G Grandparents | I34: Anne Bushell | J34: Ellen Bushell
E35: 20cM | I35: Ellen Jezzard | J35: Alice Jane High
I36: Jack Tucker | J36: Alice Ellen A Potts
I37: June Margery Hall | J37: Dolly Cook
I38: Simon Leigh Robertson
A39: Colin Britchford | B39: Ancestry | C39: 5th-8th Cousin | D39: 9th Cousin 1xRemoved | E39: 23cM | F39: Richard Thomas Bushell | G39: Mary Cooke | H39: 9G Grandparents | I39: Edward Bushell | J39: Richard Bushell
E40: 19cM | I40: John Bushell | J40: Henry Bushell
I41: Richard Bushell | J41: William Bushell
I42: James Bushell | J42: William Bushell
I43: John Maxted Bushell | J43: William Bushell
I44: Thomas Bushell | J44: John Bushell
I45: Anne Bushell | J45: Joseph William Bushell
I46: Ellen Jezzard | J46: Esther E Bushell
I47: Jack Tucker | J47: Cicely Esther Stupples
I48: June Margery Hall | J48: Colin J Britchford
I49: Simon Leigh Robertson
A50: Peter Hayward | B50: Ancestry | C50: 4th-6th Cousin | D50: 6th Cousin | E50: 22cM | F50: James Bushell | G50: Mary Hogben | H50: 5G Grandparents | I50: John Maxted Bushell | J50: Thomas Bushell
I51: Thomas Bushell | J51: Richard Bushell
I52: Anne Bushell | J52: Charlotte A Bushell
I53: Ellen Jezzard | J53: Emily Ann Denne
I54: Jack Tucker | J54: Daisy Emily Denne
I55: June Margery Hall | J55: Herbert Haywood
I56: Simon Leigh Robertson | J56: Peter Heywood
A57: jarradc | B57: Ancestry | C57: 5th-8th Cousin | D57: 5th Cousin 1xremoved | E57: 20cM | F57: John Maxted Bushell | G57: Mary Pittock | H57: 4G Grandparents | I57: Thomas Bushell | J57: William Bushell
I58: Anne Bushell | J58: Mary Jane Bushell
I59: Ellen Jezzard | J59: Mary Anne Coleman
I60: Jack Tucker | J60: George R Tennant
I61: June Margery Hall | J61: Female Tennant
I62: Simon Leigh Robertson | J62: Male Dixon
J63: Jarrad C Dixon
A64: Jennifer Sharp | B64: 23andme | C64: 4th Cousin | D64: 6th Cousin | E64: 20cM | F64: James Bushell | G64: Mary Hogben | H64: 5G Grandparents | I64: John Maxted Bushell | J64: Thomas Bushell
I65: Thomas Bushell | J65: Richard Bushell
I66: Anne Bushell | J66: Jane Bushell
I67: Ellen Jezzard | J67: Martha Rebecca Jordan
I68: Jack Tucker | J68: Ivy Ellen Barr
I69: June Margery Hall | J69: Mary Jennifer Lowther
I70: Simon Leigh Robertson | J70: Jennifer Anne Smith
A71: tdoust18 | B71: Ancestry | C71: 5th-8th Cousin | D71: 5th Cousin 1Xremoved | E71: 20cM | F71: James Bushell | G71: Mary Hogben | H71: 5G Grandparents | I71: John Maxted Bushell | J71: Thomas Bushell
I72: Thomas Bushell | J72: Richard T Bushell
I73: Anne Bushell | J73: Charlotte A Bushell
I74: Ellen Jezzard | J74: Mary Jane Denne
I75: Jack Tucker | J75: Ernest James Baker
I76: June Margery Hall | J76: Derek Kenneth Baker
I77: Simon Leigh Robertson | J77: Richard P Baker
J78: T Baker
A79: Michael Coleman | B79: Ancestry | C79: 4th-6th Cousin | D79: 4th Cousin 1xremoved | E79: 19cM | F79: John Maxted Bushell | G79: Mary Pittock | H79: 4G Grandparents | I79: Thomas Bushell | J79: William Bushell
E80: 18cM | I80: Anne Bushell | J80: Mary Jane Bushell
I81: Ellen Jezzard | J81: Harry Walter Coleman
I82: Jack Tucker | J82: Edwin Coleman
I83: June Margery Hall | J83: Harry Leslie Coleman
I84: Simon Leigh Robertson
A85: S.H. | B85: Ancestry | C85: 5th-8th Cousin | D85: 4th Cousin 1xremoved | E85: 16cM | F85: John Maxted Bushell | G85: Mary Pittock | H85: 4G Grandparents | I85: Thomas Bushell | J85: John Bushell
I86: Anne Bushell | J86: Charles Harris Bushell
I87: Ellen Jezzard | J87: Albert Harris Bushell
I88: Jack Tucker | J88: Doris Bushell
I89: June Margery Hall | J89: Sidney Hildreth
I90: Simon Leigh Robertson
A91: Paul Webb | B91: Ancestry | C91: 5th-8th Cousin | D91: 6th Cousin | E91: 16cM | F91: James Bushell | G91: Mary Hogben | H91: 5G Grandparents | I91: John Maxted Bushell | J91: Thomas Bushell
I92: Thomas Bushell | J92: Richard Bushell
I93: Anne Bushell | J93: Jane Bushell
I94: Ellen Jezzard | J94: Herbert Jordan
I95: Jack Tucker | J95: Violet May Jordan
I96: June Margery Hall | J96: Jill J Chaffey
I97: Jill Elaine Robertson | J97: Paul Webb
A98: S.H. | B98: Ancestry | C98: 5th-8th Cousin | D98: 4th Cousin 1xRemoved | E98: 16cM | F98: John Maxted Bushell | G98: Mary Pittock | H98: 4G Grandparents | I98: Thomas Bushell | J98: John Bushell
I99: Anne Bushell | J99: Charles H Bushell
I100: Ellen Jezzard | J100: Albert Harris Bushell
...

Sheet Camp
A1: Summary | B1: =COUNTIF(I2:I1067,C1)+COUNTIF(I2:I1067,D1) -> 2 | C1: Simon Leigh Robertson | D1: Jill Elaine Robertson
A2: Name | B2: Source | C2: Predicted Relationship | D2: Actual Relationship | E2: Shared DNA | F2: Common Male Ancestor | G2: Common Female Ancestor | H2: Relationship to Ancestor | I2: My Ancestry | J2: Matched Ancestry
A3: sambrown_consultancy | B3: Ancestry | C3: 5th-8th Cousin | D3: 6th Cousin | E3: 14cM | F3: George Camp | G3: Mary Ann Eldred | H3: 5G Grandparents | I3: Susanna Camp | J3: Joshua Camp
I4: Joseph Boreham | J4: Sarah Camp
I5: Hannah Agnes Boreham | J5: George Thomas Camp
I6: Clifford William Wilson | J6: Frederick George Camp
I7: Elsie Wilson | J7: Alfred Charles Camp
I8: Gordon Walter Robertson | J8: Female Camp
I9: Simon Leigh Robertson | J9: Sam Youens
A10: Janet Fife | B10: Ancestry | C10: 5th-8th Cousin | D10: 6th Cousin | E10: 6cM | F10: George Camp | G10: Mary Ann Eldred | H10: 5G Grandparents | I10: Susanna Camp | J10: Mary D Camp
I11: Joseph Boreham | J11: Sophia Turner
I12: Hannah Agnes Boreham | J12: David Havers
I13: Clifford William Wilson | J13: Emma Havis
I14: Elsie Wilson | J14: William Wilkinson
I15: Gordon Walter Robertson | J15: Joan Edith Wilkinson
I16: Simon Leigh Robertson | J16: Janet Fife

Sheet Collins
A1: Summary | B1: =COUNTIF(I2:I1067,C1)+COUNTIF(I2:I1067,D1) -> 11 | C1: Simon Leigh Robertson | D1: Jill Elaine Robertson
A2: Name | B2: Source | C2: Predicted Relationship | D2: Actual Relationship | E2: Shared DNA | F2: Common Male Ancestor | G2: Common Female Ancestor | H2: Relationship to Ancestor | I2: My Ancestry | J2: Matched Ancestry
A3: Jade Crawford | B3: Ancestry | C3: 5th-8th Cousin | D3: 5th Cousin 1Xremoved | E3: 28cM | F3: James Collins | G3: Elizabeth Atkins | H3: 4G Grandparents | I3: Charlotte Collins | J3: George Collins
I4: Charlotte Freemantle | J4: Olive Collins
I5: William John Tucker | J5: william Francis Pond
I6: Jack Tucker | J6: Frances Aimee Pond
I7: June Margery Hall | J7: Wendy F Miller
I8: Jill Elaine Robertson | J8: Male Mahoney
J9: Jade Mahoney
A10: Lily Russell | B10: MyHeritage | C10: 5th-8th Cousin | D10: 5th Cousin | E10: 17cM | F10: James Collins | G10: Elizabeth Atkins | H10: 4G Grandparents | I10: Charlotte Collins | J10: George Collins
I11: Charlotte Freemantle | J11: Charles Collins
I12: William John Tucker | J12: Martha Anne Collins
I13: Jack Tucker | J13: Francis John Young
I14: June Margery Hall | J14: Male Young
I15: Jill Elaine Robertson | J15: Lily Young
A16: kitkat48312 | B16: Ancestry | C16: 5th-8th Cousin | D16: 5th Cousin | E16: 14cM | F16: James Collins | G16: Elizabeth Atkins | H16: 4G Grandparents | I16: James Collins | J16: George Collins
I17: Charlotte Collins | J17: Charles Collins
I18: Charlotte Freemantle | J18: George Henry Collins
I19: William John Tucker | J19: Olive Irene Collins
I20: Jack Tucker | J20: Emily May Bye
I21: June Margery Hall | J21: Judith Behr
I22: Jill Elaine Robertson | J22: Kitkat Kiefiuk
A23: Donald Kiefiuk | B23: Ancestry | C23: 5th-8th Cousin | D23: 5th Cousin | E23: 13cM | F23: James Collins | G23: Elizabeth Atkins | H23: 4G Grandparents | I23: James Collins | J23: George Collins
I24: Charlotte Collins | J24: Charles Collins
I25: Charlotte Freemantle | J25: George Henry Collins
I26: William John Tucker | J26: Olive Irene Collins
I27: Jack Tucker | J27: Emily May Bye
I28: June Margery Hall | J28: Judith Behr
I29: Jill Elaine Robertson | J29: Donald E Kiefiuk
A30: nonibehr13 | B30: Ancestry | C30: 5th-8th Cousin | D30: 4th Cousin 1xremoved | E30: 13cM | F30: James Collins | G30: Elizabeth Atkins | H30: 4G Grandparents | I30: James Collins | J30: George Collins
I31: Charlotte Collins | J31: Charles Collins
I32: Charlotte Freemantle | J32: George Henry Collins
I33: William John Tucker | J33: Olive Irene Collins
I34: Jack Tucker | J34: Emily May Bye
I35: June Margery Hall | J35: Judith Behr
I36: Jill Elaine Robertson
A37: John D William | B37: Ancestry | C37: 5th-8th Cousin | D37: 4th Cousin 2xremoved | E37: 10cM | F37: James Collins | G37: Sarah Towns | H37: 5G Grandparents | I37: James Collins | J37: Martha Hannah Collins
I38: Charlotte Collins | J38: Anna Rolfe
I39: Charlotte Freemantle | J39: Clinton Dewitt Williams
I40: William John Tucker | J40: Arthur Prout Williams
I41: Jack Tucker | J41: John D Williams
I42: June Margery Hall
I43: Jill Elaine Robertson
A44: gwhennessey | B44: Ancestry | C44: 5th-8th Cousin | D44: 4th Cousin 2xremoved | E44: 10cM | F44: James Collins | G44: Sarah Towns | H44: 5G Grandparents | I44: James Collins | J44: Martha Hannah Collins
I45: Charlotte Collins | J45: Anna Rolfe
I46: Charlotte Freemantle | J46: Clinton Dewitt Williams
I47: William John Tucker | J47: Arthur Prout Williams
I48: Jack Tucker | J48: G W Williams
I49: June Margery Hall
I50: Jill Elaine Robertson
A51: Lily Amaya | B51: Ancestry | C51: 5th-8th Cousin | D51: 5th Cousin | E51: 8cM | F51: James Collins | G51: Elizabeth Atkins | H51: 4G Grandparents | I51: Charlotte Collins | J51: George Collins
I52: Charlotte Freemantle | J52: Charles Collins
I53: William John Tucker | J53: Martha Anne Collins
I54: Jack Tucker | J54: Francis John Young
I55: June Margery Hall | J55: Female Young
I56: Jill Elaine Robertson | J56: Lily Swift
A57: Angela Swift | B57: Ancestry | C57: 5th-8th Cousin | D57: 4th Cousin 1xremoved | E57: 8cM | F57: James Collins | G57: Elizabeth Atkins | H57: 4G Grandparents | I57: Charlotte Collins | J57: George Collins
I58: Charlotte Freemantle | J58: Charles Collins
I59: William John Tucker | J59: Martha Anne Collins
I60: Jack Tucker | J60: Francis John Young
I61: June Margery Hall | J61: Angela M Young
I62: Jill Elaine Robertson
A63: C.M. | B63: Ancestry | C63: 5th-8th Cousin | D63: 8th Cousin | E63: 6cM | F63: Charles Collins | G63: Ann Oake | H63: 7G Grandparents | I63: James Collins | J63: Alexander Collins
I64: James Collins | J64: Elizabeth Collins
I65: James Collins | J65: Alexander Chalk
I66: Charlotte Collins | J66: William Chalk
I67: Charlotte Freemantle | J67: Julie Anne Chalke
I68: William John Tucker | J68: Sybil Eileen Smith
I69: Jack Tucker | J69: Gillian M Anderson
I70: June Margery Hall | J70: Female Mortimer
I71: Simon Leigh Robertson | J71: C Talman
A72: JulietLesley | B72: Ancestry | C72: 5th-8th Cousin | D72: 7th Cousin 1xremoved | E72: 6cM | F72: Charles Collins | G72: Ann Oake | H72: 7G Grandparents | I72: James Collins | J72: Alexander Collins
I73: James Collins | J73: Elizabeth Collins
I74: James Collins | J74: Alexander Chalk
I75: Charlotte Collins | J75: William Chalk
I76: Charlotte Freemantle | J76: Julie Anne Chalke
I77: William John Tucker | J77: Sybil Eileen Smith
I78: Jack Tucker | J78: Gillian M Anderson
I79: June Margery Hall | J79: Juliet Lesley Mortimer
I80: Simon Leigh Robertson

Sheet Dadley
A1: Summary | B1: =COUNTIF(I2:I1083,C1)+COUNTIF(I2:I1083,D1) -> 1 | C1: Simon Leigh Robertson | D1: Jill Elaine Robertson
A2: Name | B2: Source | C2: Predicted Relationship | D2: Actual Relationship | E2: Shared DNA | F2: Common Male Ancestor | G2: Common Female Ancestor | H2: Relationship to Ancestor | I2: My Ancestry | J2: Matched Ancestry
A3: jennett11 | B3: Ancestry | C3: 4th-6th Cousin | D3: 6th Cousin | E3: 6cM | F3: John Dadley | G3: Catherine Gilbert | H3: 5G Grandparents | I3: Anne Dadley | J3: Henry Dadley
I4: George Biddle | J4: Mary Dadley
I5: Emma Biddle | J5: Elizabeth D Cattell
I6: Emily Elizabeth Patrick | J6: Sarah Stamps
I7: Walter William Robertson | J7: Laura Poulton
I8: Gordon Walter Robertson | J8: Mary Louisa Harman
I9: Simon Leigh Robertson | J9: Judith A Morley

Sheet Davis
A1: Summary | B1: =COUNTIF(I2:I1067,C1)+COUNTIF(I2:I1067,D1) -> 1 | C1: Simon Leigh Robertson | D1: Jill Elaine Robertson
A2: Name | B2: Source | C2: Predicted Relationship | D2: Actual Relationship | E2: Shared DNA | F2: Common Male Ancestor | G2: Common Female Ancestor | H2: Relationship to Ancestor | I2: My Ancestry | J2: Matched Ancestry
A3: cm706895 | B3: Ancestry | C3: 5th-8th Cousin | D3: 6th Cousin | E3: 8cM | F3: Edward Davis | H3: 5G Grandparents | I3: Mary Davis | J3: Evan Davis
I4: George Jezzard | J4: Eliza Davis
I5: George P Jezzard | J5: Margaret Bowles
I6: Ellen Jezzard | J6: John Arthur Sullivan
I7: John Francis Tucker | J7: Mary Helen Sullivan
I8: June Margery Hall | J8: Robert A Mc Cormick
I9: Simon Leigh Robertson | J9: C Mc Cormick

Sheet Dibel
A1: Summary | B1: =COUNTIF(I2:I1067,C1)+COUNTIF(I2:I1067,D1) -> 1 | C1: Simon Leigh Robertson | D1: Jill Elaine Robertson
A2: Name | B2: Source | C2: Predicted Relationship | D2: Actual Relationship | E2: Shared DNA | F2: Common Male Ancestor | G2: Common Female Ancestor | H2: Relationship to Ancestor | I2: My Ancestry | J2: Matched Ancestry
A3: Paul Breame | B3: Ancestry | C3: 5th-8th Cousin | D3: 7th Cousin 1xremoved | E3: 8cM | F3: John Dibel | G3: Mary West | H3: 8G Grandparents | I3: Mary Dibal | J3: Mary Dyball
I4: Benjamin Mayes | J4: Rose Ward
I5: Ann May | J5: James Burton
I6: Eliza Mercer | J6: Hannah Burton
I7: Anne Bushell | J7: William Breame
I8: Ellen Jezzard | J8: James W Breame
I9: Jack Tucker | J9: James Robert Breame
I10: June Margery Hall | J10: Paul R Breame
I11: Simon Leigh Robertson

Sheet Disdale
A1: Summary | B1: =COUNTIF(I2:I1087,C1)+COUNTIF(I2:I1087,D1) -> 4 | C1: Simon Leigh Robertson | D1: Jill Elaine Robertson
A2: Name | B2: Source | C2: Predicted Relationship | D2: Actual Relationship | E2: Shared DNA | F2: Common Male Ancestor | G2: Common Female Ancestor | H2: Relationship to Ancestor | I2: My Ancestry | J2: Matched Ancestry
A3: Brenda Whitmore | B3: Ancestry | C3: 4th Cousin | D3: 4th Cousin 1xRemoved | E3: 19cM | F3: John Disdale | G3: Mary Ann Noble | H3: 4G Grandparents | I3: Emma Disdale | J3: John Charles Disdale
E4: 19cM | I4: Susannah Shickle | J4: Robert Warner Disdale
I5: Charlotte Lydia Brinkley | J5: Reginald Robert Disdale
I6: Maud Bessie Hall | J6: Joan Lilian Disdale
I7: June Margery Hall | J7: Brenda S Bourchier
I8: Simon Leigh Robertson
A9: Jeffrey Leigh Miller | B9: Ancestry | C9: 5th-8th Cousin | D9: 6th Cousin | E9: 15cM | F9: Thomas Disdale | G9: Margaret Angier | H9: 5G Grandparents | I9: John Disdale | J9: Mary Disdale | K9: {=_xlfn._xlws.SORT(_xlfn.UNIQUE(J:J))} -> #VALUE!
I10: Emma Disdale | J10: Elizabeth Mayhew
I11: Susannah Shickle | J11: Elizabeth Olive Cook
I12: Charlotte Lydia Brinkley | J12: Alice Maud Lord
I13: Maud Bessie Hall | J13: Richard Maurice Cavill
I14: June Margery Hall | J14: Bette Jane Cavill
I15: Jill Elaine Robertson | J15: Jeffrey Leigh Miller
A16: mphelan122873 | B16: Ancestry | C16: 5th-8th Cousin | D16: 4th Cousin 2xremoved | E16: 14cM | F16: Thomas Disdale | G16: Ann Reynolds | H16: 5G Grandparents | I16: John Disdale | J16: Sarah Disdale | K16: {=_xlfn._xlws.SORT(_xlfn.UNIQUE(J:J))} -> Alice Maud Lord
I17: Emma Disdale | J17: Charles Sturgeon | K17: Bette Jane Cavill
I18: Susannah Shickle | J18: Charles M Sturgeon | K18: Brenda S Bourchier
I19: Charlotte Lydia Brinkley | J19: Mary E Sturgeon | K19: Charles M Sturgeon
I20: Maud Bessie Hall | J20: Michael Scott Phelan | K20: Charles Sturgeon
I21: June Margery Hall | K21: Edith May Cole
I22: Jill Elaine Robertson | K22: Elizabeth Mary Scott
A23: Jennifer Parry | B23: Ancestry | C23: 5th-8th Cousin | D23: 6th Cousin | E23: 8cM | F23: Thomas Disdale | G23: Margaret Angier | H23: 5G Grandparents | I23: John Disdale | J23: Sarah Angier | K23: Elizabeth Mayhew
I24: Emma Disdale | J24: Sarah Lawrence | K24: Elizabeth Olive Cook
I25: Susannah Shickle | J25: Elizabeth Mary Scott | K25: Ileana Edith Rowland
I26: Charlotte Lydia Brinkley | J26: William Cole | K26: Jeffrey Leigh Miller
I27: Maud Bessie Hall | J27: Edith May Cole | K27: Jennifer Roberts
I28: June Margery Hall | J28: Ileana Edith Rowland | K28: Joan Lilian Disdale
I29: Jill Elaine Robertson | J29: Jennifer Roberts | K29: John Charles Disdale
K30: Mary Disdale
K31: Mary E Sturgeon
K32: Matched Ancestry
K33: Michael Scott Phelan
K34: Reginald Robert Disdale
K35: Richard Maurice Cavill
K36: Robert Warner Disdale
K37: Sarah Angier
K38: Sarah Disdale
K39: Sarah Lawrence
K40: William Cole
K41: 0

Sheet Douglas
A1: Summary | B1: =COUNTIF(I2:I1087,C1)+COUNTIF(I2:I1087,D1) -> 3 | C1: Simon Leigh Robertson | D1: Jill Elaine Robertson
A2: Name | B2: Source | C2: Predicted Relationship | D2: Actual Relationship | E2: Shared DNA | F2: Common Male Ancestor | G2: Common Female Ancestor | H2: Relationship to Ancestor | I2: My Ancestry | J2: Matched Ancestry
A3: Carolyn Board | B3: Ancestry | C3: 5th-8th Cousin | D3: 4th Cousin | E3: 27cM | G3: Jean Douglas | H3: 3G Grandparents | I3: William Millar Robertson | J3: Jean Douglas Rutt
I4: Herbert Ernest Robertson | J4: Arthur Henry Blandford
I5: Walter William Robertson | J5: Stanley Robert Blandford
I6: Gordon Walter Robertson | J6: Anne Pauline Blandford
I7: Simon Leigh Robertson | J7: Carolyn Elizabeth Derrick
A8: Jonathan Derrick | B8: Ancestry | C8: 5th-8th Cousin | D8: 4th Cousin 1xremoved | E8: 21cM | G8: Jean Douglas | H8: 3G Grandparents | I8: William Millar Robertson | J8: Jean Douglas Rutt
I9: Herbert Ernest Robertson | J9: Arthur Henry Blandford
I10: Walter William Robertson | J10: Stanley Robert Blandford
I11: Gordon Walter Robertson | J11: Anne Pauline Blandford
I12: Simon Leigh Robertson | J12: Peter Anthony Derrick
J13: Jonathan Derrick
A14: Debbie Derrick | B14: Ancestry | C14: 5th-8th Cousin | D14: 4th Cousin | E14: 21cM | G14: Jean Douglas | H14: 3G Grandparents | I14: William Millar Robertson | J14: Jean Douglas Rutt
I15: Herbert Ernest Robertson | J15: Arthur Henry Blandford
I16: Walter William Robertson | J16: Stanley Robert Blandford
I17: Gordon Walter Robertson | J17: Anne Pauline Blandford
I18: Simon Leigh Robertson | J18: Deborah Anne Derrick

Sheet Dyason
A1: Summary | B1: =COUNTIF(I2:I1097,C1)+COUNTIF(I2:I1097,D1) -> 12 | C1: Simon Leigh Robertson | D1: Jill Elaine Robertson
A2: Name | B2: Source | C2: Predicted Relationship | D2: Actual Relationship | E2: Shared DNA | F2: Common Male Ancestor | G2: Common Female Ancestor | H2: Relationship to Ancestor | I2: My Ancestry | J2: Matched Ancestry
A3: Sheila Hartley | B3: MyHeritage | C3: 5th-8th Cousin | D3: 6th Cousin 3xremoved | E3: 25cM | F3: John Dyason | G3: Catherine Hampton | H3: 8G Grandparents | I3: Benjamin Dyason | J3: Joshua Dyason
I4: Elizabeth Dyason | J4: Joshua Dyason
I5: Sarah Bing | J5: John Dyason
I6: Joseph Dierson Mercer | J6: Joshua Dyason
I7: Eliza Mercer | J7: John Prescott Dyason
I8: Anne Bushell | J8: Myrtle Eliza Dyason
I9: Ellen Jezzard | J9: Sheila Mary Ferris
I10: Jack Tucker
I11: June Margery Hall
I12: Jill Elaine Robertson
A13: HMR | B13: MyHeritage | C13: 5th-8th Cousin | D13: 7th Cousin 2xremoved | E13: 25cM | F13: John Dyason | G13: Catherine Hampton | H13: 8G Grandparents | I13: Benjamin Dyason | J13: Joshua Dyason
I14: Elizabeth Dyason | J14: Joshua Dyason
I15: Sarah Bing | J15: John Dyason
I16: Joseph Dierson Mercer | J16: Joshua Dyason
I17: Eliza Mercer | J17: John Prescott Dyason
I18: Anne Bushell | J18: Myrtle Eliza Dyason
I19: Ellen Jezzard | J19: Sheila Mary Ferris
I20: Jack Tucker | J20: H M Roberts
I21: June Margery Hall
I22: Jill Elaine Robertson
A23: Sebastian Gauci | B23: MyHeritage | C23: 5th-8th Cousin | D23: 7th Cousin 1xremoved | E23: 24cM | F23: John Dyason | G23: Catherine Hampton | H23: 8G Grandparents | I23: Benjamin Dyason | J23: Joshua Dyason
I24: Elizabeth Dyason | J24: Joshua Dyason
I25: Sarah Bing | J25: John Dyason
I26: Joseph Dierson Mercer | J26: Joshua Dyason
I27: Eliza Mercer | J27: John Prescott Dyason
I28: Anne Bushell | J28: Myrtle Eliza Dyason
I29: Ellen Jezzard | J29: Sheila Mary Ferris
I30: Jack Tucker | J30: H M Roberts
I31: June Margery Hall | J31: Sebastian Gauci
I32: Jill Elaine Robertson
A33: Beverley Brigden | B33: MyHeritage | C33: 5th-8th Cousin | D33: 7th Cousin 1xremoved | E33: 16cM | F33: John Dyason | G33: Catherine Hampton | H33: 8G Grandparents | I33: Benjamin Dyason | J33: Joshua Dyason
I34: Elizabeth Dyason | J34: Elizabeth Dyason
I35: Sarah Bing | J35: Mary Dadd
I36: Joseph Dierson Mercer | J36: Sara Wood
I37: Eliza Mercer | J37: George Thomas Hogben
I38: Anne Bushell | J38: Sarah Mary Hogben
I39: Ellen Jezzard | J39: Norris Leslie Brigden
I40: Jack Tucker | J40: Beverley Brigden
I41: June Margery Hall
I42: Jill Elaine Robertson
A43: Bernadette Barnes | B43: MyHeritage | C43: 5th-8th Cousin | D43: 7th Cousin 1xremoved | E43: 24cM | F43: John Dyason | G43: Catherine Hampton | H43: 8G Grandparents | I43: Benjamin Dyason | J43: Joshua Dyason
I44: Elizabeth Dyason | J44: Elizabeth Dyason
I45: Sarah Bing | J45: Mary Dadd
I46: Joseph Dierson Mercer | J46: Sara Wood
I47: Eliza Mercer | J47: George Thomas Hogben
I48: Anne Bushell | J48: Sarah Mary Hogben
I49: Ellen Jezzard | J49: Norris Leslie Brigden
I50: Jack Tucker | J50: Beverley Brigden
I51: June Margery Hall | J51: Bernadette Barnes
I52: Jill Elaine Robertson
A53: Marc Dilnutt | B53: Ancestry | C53: 5th-8th Cousin | D53: 9th Cousin 1xremoved | E53: 12cM | F53: John Dyason | G53: Catherine Hampton | H53: 8G Grandparents | I53: Benjamin Dyason | J53: Joshua Dyason
E54: 10cM | I54: Elizabeth Dyason | J54: Elizabeth Dyason
I55: Sarah Bing | J55: Thomas Dadd
I56: Joseph Dierson Mercer | J56: Thomas Dadd
I57: Eliza Mercer | J57: Emma Dadd
I58: Anne Bushell | J58: Rosa Ann Friend
I59: Ellen Jezzard | J59: Emma Friend Humphrey
I60: Jack Tucker | J60: Harriet Frend Olive
I61: June Margery Hall | J61: Arthur Richard Dilnutt
I62: Simon Leigh Robertson | J62: Christopher R Dilnutt
J63: Marc Richard Dilnutt
A64: KayePage65 | B64: Ancestry | C64: 5th-8th Cousin | D64: 9th Cousin | E64: 7cM | F64: John Dyason | G64: Catherine Hampton | H64: 8G Grandparents | I64: Benjamin Dyason | J64: Joshua Dyason
I65: Elizabeth Dyason | J65: John Dyason
I66: Sarah Bing | J66: John Dyason
I67: Joseph Dierson Mercer | J67: Caroline Dyason
I68: Eliza Mercer | J68: Caroline Jones
I69: Anne Bushell | J69: Thomas Harrison
I70: Ellen Jezzard | J70: Charles Harrison
I71: Jack Tucker | J71: Charles Harrison
I72: June Margery Hall | J72: Eunice Harrison
I73: Simon Leigh Robertson | J73: Kaye Hamilton
A74: SandraHookerWhite | B74: Ancestry | C74: 5th-8th Cousin | D74: 8th Cousin 1xremoved | E74: 7cM | F74: John Dyason | G74: Catherine Hampton | H74: 8G Grandparents | I74: Benjamin Dyason | J74: Isaac Dyason
I75: Elizabeth Dyason | J75: Sarah Dyason
I76: Sarah Bing | J76: Stephen Bax
I77: Joseph Dierson Mercer | J77: Jane Elizabeth Bax
I78: Eliza Mercer | J78: Robert Forbes Milne
I79: Anne Bushell | J79: Herbert Fordes Milne
I80: Ellen Jezzard | J80: Robert Forbes Milne
I81: Jack Tucker | J81: Lynnette Milne
I82: June Margery Hall | J82: Sandra Hooker White
I83: Simon Leigh Robertson
A84: Sophie Hooker | B84: Ancestry | C84: 5th-8th Cousin | D84: 9th Cousin | E84: 7cM | F84: John Dyason | G84: Catherine Hampton | H84: 8G Grandparents | I84: Benjamin Dyason | J84: Isaac Dyason
I85: Elizabeth Dyason | J85: Sarah Dyason
I86: Sarah Bing | J86: Stephen Bax
I87: Joseph Dierson Mercer | J87: Jane Elizabeth Bax
I88: Eliza Mercer | J88: Robert Forbes Milne
I89: Anne Bushell | J89: Herbert Fordes Milne
I90: Ellen Jezzard | J90: Robert Forbes Milne
I91: Jack Tucker | J91: Lynnette Milne
I92: June Margery Hall | J92: Sandra Hooker White
I93: Simon Leigh Robertson | J93: Sophie Hooker
A94: Alice Hooker | B94: Ancestry | C94: 5th-8th Cousin | D94: 9th Cousin | E94: 7cM | F94: John Dyason | G94: Catherine Hampton | H94: 8G Grandparents | I94: Benjamin Dyason | J94: Isaac Dyason
I95: Elizabeth Dyason | J95: Sarah Dyason
I96: Sarah Bing | J96: Stephen Bax
I97: Joseph Dierson Mercer | J97: Jane Elizabeth Bax
I98: Eliza Mercer | J98: Robert Forbes Milne
I99: Anne Bushell | J99: Herbert Fordes Milne
I100: Ellen Jezzard | J100: Robert Forbes Milne
...

Sheet Felton
A1: Summary | B1: =COUNTIF(I2:I1056,C1)+COUNTIF(I2:I1056,D1) -> 2 | C1: Simon Leigh Robertson | D1: Jill Elaine Robertson
A2: Name | B2: Source | C2: Predicted Relationship | D2: Actual Relationship | E2: Shared DNA | F2: Common Male Ancestor | G2: Common Female Ancestor | H2: Relationship to Ancestor | I2: My Ancestry | J2: Matched Ancestry
A3: Martin David | B3: Ancestry | C3: 5th-8th Cousin | D3: 6th Cousin | E3: 7cM | F3: Samuel Felton | G3: Mary Shorecroft | H3: 5G Grandparents | I3: Mary Jane Felton | J3: James Felton
I4: Hannah Rayner | J4: James Felton
I5: Hannah Agnes Boreham | J5: Alexander J Felton
I6: Clifford William Wilson | J6: Joseph Felton
I7: Elsie Wilson | J7: Joan M Felton
I8: Gordon Walter Robertson | J8: Michael George David
I9: Simon Leigh Robertson | J9: Martin David
A10: Martina David | B10: Ancestry | C10: 5th-8th Cousin | D10: 6th Cousin 1xremoved | E10: 6cM | F10: Samuel Felton | G10: Mary Shorecroft | H10: 5G Grandparents | I10: Mary Jane Felton | J10: James Felton
I11: Hannah Rayner | J11: James Felton
I12: Hannah Agnes Boreham | J12: Alexander J Felton
I13: Clifford William Wilson | J13: Joseph Felton
I14: Elsie Wilson | J14: Joan M Felton
I15: Gordon Walter Robertson | J15: Michael George David
I16: Simon Leigh Robertson | J16: Martin David
J17: Martina David

Sheet Field
A1: Summary | B1: =COUNTIF(I2:I1067,C1)+COUNTIF(I2:I1067,D1) -> 1 | C1: Simon Leigh Robertson | D1: Jill Elaine Robertson
A2: Name | B2: Source | C2: Predicted Relationship | D2: Actual Relationship | E2: Shared DNA | F2: Common Male Ancestor | G2: Common Female Ancestor | H2: Relationship to Ancestor | I2: My Ancestry | J2: Matched Ancestry
A3: Paul smith | B3: Ancestry | C3: 5th-8th Cousin | D3: 9th Cousin | E3: 7cM | F3: Thomas Field | G3: Sarah Boosey | H3: 8G Grandparents | I3: Susan Field | J3: Esther Field
I4: James Styliman | J4: Daniel Bright
I5: Mary Stylemen | J5: Jane Bright
I6: William Sams | J6: Sarah Harvey
I7: Sarah Sams | J7: Daniel Smith
I8: William Wilson | J8: Henry Willian Smith
I9: Clifford William Wilson | J9: Joseph Gilbert Smith
I10: Elsie Wilson | J10: John Gilbert Smith
I11: Gordon Walter Robertson | J11: Male Smith
I12: Simon Leigh Robertson | J12: Paul Richard Smith

Sheet Fooks
A1: Summary | B1: =COUNTIF(I2:I1079,C1)+COUNTIF(I2:I1079,D1) -> 7 | C1: Simon Leigh Robertson | D1: Jill Elaine Robertson
A2: Name | B2: Source | C2: Predicted Relationship | D2: Actual Relationship | E2: Shared DNA | F2: Common Male Ancestor | G2: Common Female Ancestor | H2: Relationship to Ancestor | I2: My Ancestry | J2: Matched Ancestry
A3: Iona Newell | B3: Ancestry | C3: 4th-6th Cousin | D3: 5th Cousin | E3: 26cM | F3: William Fooks | G3: Ann Dollen | H3: 4G Grandparents | I3: Mary Fooks | J3: Ann Fooks
I4: John Tucker | J4: Charles Oxenbury
I5: William John Tucker | J5: Walter James Oxenbury
I6: Jack Tucker | J6: Philip G Oxenbury
I7: June Margery Hall | J7: Ruth H Oxenbury
I8: Jill Elaine Robertson | J8: Iona Newell
A9: Ruth Newell | B9: Ancestry | C9: 4th-6th Cousin | D9: 4th Cousin 1xremoved | E9: 24cM | F9: William Fooks | G9: Ann Dollen | H9: 4G Grandparents | I9: Mary Fooks | J9: Ann Fooks
I10: John Tucker | J10: Charles Oxenbury
I11: William John Tucker | J11: Walter James Oxenbury
I12: Jack Tucker | J12: Philip G Oxenbury
I13: June Margery Hall | J13: Ruth H Oxenbury
I14: Jill Elaine Robertson
A15: georgier22 | B15: Ancestry | C15: 4th-6th Cousin | D15: 5th Cousin | E15: 16cM | F15: William Fooks | G15: Ann Dollen | H15: 4G Grandparents | I15: Mary Fooks | J15: Ann Fooks
E16: 21cM | I16: John Tucker | J16: Lawrence Oxenbury
I17: William John Tucker | J17: Jane Oxenbury
I18: Jack Tucker | J18: Victor Dan O Rossiter
I19: June Margery Hall | J19: Iris May Rossiter
I20: Jill Elaine Robertson | J20: Georgina W Reading
A21: Lynda Roberts | B21: MyHeritage | C21: 4th-6th Cousin | D21: 5th Cousin | E21: 20cM | F21: William Fooks | G21: Ann Dollen | H21: 4G Grandparents | I21: Mary Fooks | J21: Ann Fooks
I22: John Tucker | J22: Joseph Oxenbury
I23: William John Tucker | J23: Matilda F Oxenbury
I24: Jack Tucker | J24: Harry Lawrence Trease
I25: June Margery Hall | J25: Harry L T Grieg
I26: Jill Elaine Robertson | J26: Lynda Greigg
A27: Sarah Reynard | B27: Ancestry | C27: 5th-6th Cousin | D27: 5th Cousin 1xremoved | E27: 10cM | F27: William Fooks | G27: Ann Dollen | H27: 4G Grandparents | I27: Mary Fooks | J27: Ann Fooks
E28: 7cM | I28: John Tucker | J28: Lawrence Oxenbury
I29: William John Tucker | J29: Jane Oxenbury
I30: Jack Tucker | J30: Mabel M Rossiter
I31: June Margery Hall | J31: Donald J Oxenbury
I32: Simon Leigh Robertson | J32: Mary Janet Oxenbury
J33: Sarah Reynard
A34: CarmelJoan | B34: Ancestry | C34: 5th-6th Cousin | D34: 5th Cousin | E34: 9cM | F34: William Fooks | G34: Anne Mackenzie | H34: 4G Grandparents | I34: Mary Fooks | J34: Elizabeth Fooks
I35: John Tucker | J35: James Lipson
I36: William John Tucker | J36: Elizabeth Lipson
I37: Jack Tucker | J37: Kathleen Dwyer
I38: June Margery Hall | J38: John James Cross
I39: Simon Leigh Robertson | J39: Carmel Joan Cross
A40: Elizabeth Hardwick | B40: Ancestry | C40: 5th-6th Cousin | D40: 5th Cousin 1xremoved | E40: 7cM | F40: William Fooks | G40: Ann Dollen | H40: 4G Grandparents | I40: Mary Fooks | J40: Ann Fooks
I41: John Tucker | J41: Lawrence Oxenbury
I42: William John Tucker | J42: Jane Oxenbury
I43: Jack Tucker | J43: Catherine Rossiter
I44: June Margery Hall | J44: Kenneth Hardwick
I45: Simon Leigh Robertson | J45: Stephen Hardwick
J46: Elizabeth Hardwick

Sheet Ford
A1: Summary | B1: =COUNTIF(I2:I1099,C1)+COUNTIF(I2:I1099,D1) -> 10 | C1: Simon Leigh Robertson | D1: Jill Elaine Robertson
A2: Name | B2: Source | C2: Predicted Relationship | D2: Actual Relationship | E2: Shared DNA | F2: Common Male Ancestor | G2: Common Female Ancestor | H2: Relationship to Ancestor | I2: My Ancestry | J2: Matched Ancestry
A3: Freya Brightwater | B3: Ancestry | C3: 4th-6th Cousin | D3: 6th Cousin 1xremoved | E3: 52cM | F3: Martin Ford | G3: Sarah Howard | H3: 5G Grandparents | I3: Male Ford | J3: Mary Ford
B4: MyHeritage | I4: Anne Ford | J4: James argent
I5: Henry Hall | J5: William Argent
I6: Frederick William Hall | J6: William Patrick Argent
I7: Maud Bessie Hall | J7: Albert William Argent
I8: June Margery Hall | J8: Brian D Argent
I9: Simon Leigh Robertson | J9: Deborah A Argent
J10: Freya L Brightwater
A11: Maria Oliver | B11: MyHeritage | C11: 4th-6th Cousin | D11: 6th Cousin 1xremoved | E11: 45cM | F11: Martin Ford | G11: Sarah Howard | H11: 5G Grandparents | I11: Male Ford | J11: Mary Ford
I12: Anne Ford | J12: William Argent
I13: Henry Hall | J13: Sarah Argent
I14: Frederick William Hall | J14: Henry Charles Taylor
I15: Maud Bessie Hall | J15: Sarah Annie Taylor
I16: June Margery Hall | J16: Jane Mary Gatfield
I17: Simon Leigh Robertson | J17: Terry Stacey
J18: Maria Stacey
A19: Jennifer Davis | B19: 23andme | C19: 4th-6th Cousin | D19: 6th Cousin 2xremoved | E19: 41cM | F19: Martin Ford | G19: Sarah Howard | H19: 5G Grandparents | I19: Male Ford | J19: Mary Ford
A20: Jennifer Davis | B20: MyHeritage | E20: 35cM | I20: Anne Ford | J20: William Argent
I21: Henry Hall | J21: Sarah Argent
I22: Frederick William Hall | J22: Henry Charles Taylor
I23: Maud Bessie Hall | J23: Sarah Annie Taylor
I24: June Margery Hall | J24: Louisa Annie Gatfield
I25: Simon Leigh Robertson | J25: Josephine D Hawes
J26: Male Davis
J27: Jennifer Davis
A28: Melissa Uhrin | B28: Ancestry | C28: 4th-6th Cousin | D28: 6th Cousin 2xremoved | E28: 26cM | F28: Martin Ford | G28: Sarah Howard | H28: 5G Grandparents | I28: Male Ford | J28: Mary Ford
I29: Anne Ford | J29: William Argent
I30: Henry Hall | J30: Sarah Argent
I31: Frederick William Hall | J31: Henry Charles Taylor
I32: Maud Bessie Hall | J32: Sarah Annie Taylor
I33: June Margery Hall | J33: Jane Mary Gatfield
I34: Simon Leigh Robertson | J34: Kenneth Stacey
J35: Female Stacey
J36: Melissa
A37: Terry Stacey | B37: Ancestry | C37: 4th-6th Cousin | D37: 6th Cousin | E37: 25cM | F37: Martin Ford | G37: Sarah Howard | H37: 5G Grandparents | I37: Male Ford | J37: Mary Ford
I38: Anne Ford | J38: William Argent
I39: Henry Hall | J39: Sarah Argent
I40: Frederick William Hall | J40: Henry Charles Taylor
I41: Maud Bessie Hall | J41: Sarah Annie Taylor
I42: June Margery Hall | J42: Jane Mary Gatfield
I43: Simon Leigh Robertson | J43: Terry Stacey
A44: Holly Stephens | B44: Ancestry | C44: 4th-6th Cousin | D44: 6th Cousin 1xremoved | E44: 22cM | F44: Martin Ford | G44: Sarah Howard | H44: 5G Grandparents | I44: Male Ford | J44: Mary Ford
I45: Anne Ford | J45: William Argent
I46: Henry Hall | J46: Sarah Argent
I47: Frederick William Hall | J47: Henry Charles Taylor
I48: Maud Bessie Hall | J48: Sarah Annie Taylor
I49: June Margery Hall | J49: Sidney Edgar Gatfield
I50: Simon Leigh Robertson | J50: Gillian A Gatfield
J51: Holly Jo Stephens
A52: Howard Randall | B52: Ancestry | C52: 4th-6th Cousin | D52: 5th Cousin 1xremoved | E52: 22cM | F52: Martin Ford | G52: Sarah Howard | H52: 5G Grandparents | I52: Male Ford | J52: Mary Ford
I53: Anne Ford | J53: Samuel Argent
I54: Henry Hall | J54: Samuel Argent
I55: Frederick William Hall | J55: Sarah Louisa C Argent
I56: Maud Bessie Hall | J56: George Arthur Randall
I57: June Margery Hall | J57: Howard I Randall
I58: Simon Leigh Robertson
A59: Ken Stacey | B59: Ancestry | C59: 4th-6th Cousin | D59: 6th Cousin | E59: 13cM | F59: Martin Ford | G59: Sarah Howard | H59: 5G Grandparents | I59: Male Ford | J59: Mary Ford
I60: Anne Ford | J60: William Argent
I61: Henry Hall | J61: Sarah Argent
I62: Frederick William Hall | J62: Henry Charles Taylor
I63: Maud Bessie Hall | J63: Sarah Annie Taylor
I64: June Margery Hall | J64: Jane Mary Gatfield
I65: Simon Leigh Robertson | J65: Kenneth Stacey
A66: Judy Micklewright | B66: Ancestry | C66: 4th-6th Cousin | D66: 6th Cousin | E66: 10cM | F66: Martin Ford | G66: Sarah Howard | H66: 5G Grandparents | I66: Male Ford | J66: Mary Ford
I67: Anne Ford | J67: William Argent
I68: Henry Hall | J68: William Taylor
I69: Frederick William Hall | J69: James W Taylor
I70: Maud Bessie Hall | J70: Eva Annie Taylor
I71: June Margery Hall | J71: Charles Micklewright
I72: Simon Leigh Robertson | J72: Judy Micklewright
A73: Susan Hazell | B73: Ancestry | C73: 4th-6th Cousin | D73: 6th Cousin 1xremoved | E73: 11cM | F73: Martin Ford | G73: Sarah Howard | H73: 5G Grandparents | I73: Male Ford | J73: Mary Ford
I74: Anne Ford | J74: William Argent
I75: Henry Hall | J75: Sarah Argent
I76: Frederick William Hall | J76: Henry Charles Taylor
I77: Maud Bessie Hall | J77: Sarah Annie Taylor
I78: June Margery Hall | J78: Jane Mary Gatfield
I79: Simon Leigh Robertson | J79: Kenneth Stacey
J80: Susan Stacey

Sheet Freemantle
A1: Summary | B1: =COUNTIF(I2:I1081,C1)+COUNTIF(I2:I1081,D1) -> 14 | C1: Simon Leigh Robertson | D1: Jill Elaine Robertson
A2: Name | B2: Source | C2: Predicted Relationship | D2: Actual Relationship | E2: Shared DNA | F2: Common Male Ancestor | G2: Common Female Ancestor | H2: Relationship to Ancestor | I2: My Ancestry | J2: Matched Ancestry 1 | K2: Matched Ancestry 2 | L2: Matched Ancestry 3 | M2: Matched Ancestry 4
A3: Briony Canning | B3: Ancestry | C3: 5th-8th Cousin | D3: 9th Cousin 1xremoved | E3: 17cM | F3: Jonathan Freemantle | G3: Susanna Bunny | H3: 8G Grandparents | I3: John Freemantle | J3: Thomas Freemantle
I4: John M Freemantle | J4: Thomas Freemantle
I5: Nicholas Freemantle | J5: Jonathan Freemantle
I6: Nicholas Freemantle | J6: James Freemantle
I7: James Freemantle | J7: John Freemantle
I8: Charlotte Freemantle | J8: Alfred Freemantle
I9: William John Tucker | J9: William K Freemantle
I10: Jack Tucker | J10: Gladys V Freemantle
I11: June Margery Hall | J11: Briony S Tillen
I12: Jill Elaine Robertson
A13: Pam Durham | B13: Ancestry | C13: 5th-8th Cousin | D13: 6th Cousin | E13: 16cM | F13: Nicholas Freemantle | G13: Sarah Logget | H13: 5G Grandparents | I13: Nicholas Freemantle | J13: Andrew Freemantle
I14: James Freemantle | J14: Henry Freemantle
I15: Charlotte Freemantle | J15: Ann Freemantle
I16: William John Tucker | J16: James Stubbington
I17: Jack Tucker | J17: Evelyn D Stubbington
I18: June Margery Hall | J18: Gwendoline Ruby Read
I19: Simon Leigh Robertson | J19: Pamela J Hockley
A20: Liam Freemantle | B20: My Heritage | C20: 5th-8th Cousin | D20: 9th Cousin | E20: 12cM | F20: Jonathan Freemantle | G20: Susanna Bunny | H20: 8G Grandparents | I20: John Freemantle | J20: Thomas Freemantle
I21: John M Freemantle | J21: Thomas Freemantle
I22: Nicholas Freemantle | J22: Jonathan Freemantle
I23: Nicholas Freemantle | J23: James Freemantle
I24: James Freemantle | J24: John Freemantle
I25: Charlotte Freemantle | J25: Alfred Freemantle
I26: William John Tucker | J26: William K Freemantle
I27: Jack Tucker | J27: Peter N M Freemantle
I28: June Margery Hall | J28: Peter J Freemantle
I29: Jill Elaine Robertson | J29: Liam James Freemantle
A30: Jamie Campbell | B30: Ancestry | C30: 5th-8th Cousin | D30: 6th Cousin | E30: 11cM | F30: William Freemantle | G30: Ann Cole | H30: 5G Grandparents | I30: Nicholas Freemantle | J30: James Freemantle
I31: James Freemantle | J31: Thomas Freemantle
I32: Charlotte Freemantle | J32: Thomas William Freemantle
I33: William John Tucker | J33: Rhoda F Freemantle
I34: Jack Tucker | J34: Sidney A Townsend
I35: June Margery Hall | J35: Female Townsend
I36: Simon Leigh Robertson | J36: Jamie Campbell
A37: Tammy Mclaughlin | B37: Ancestry | C37: 5th-8th Cousin | D37: 6th Cousin | E37: 11cM | F37: William Freemantle | G37: Ann Cole | H37: 5G Grandparents | I37: Nicholas Freemantle | J37: James Freemantle
I38: James Freemantle | J38: Thomas Freemantle
I39: Charlotte Freemantle | J39: Thomas William Freemantle
I40: William John Tucker | J40: Rhoda F Freemantle
I41: Jack Tucker | J41: Leonard E Townsend
I42: June Margery Hall | J42: Female Townsend
I43: Simon Leigh Robertson | J43: Tammy Griffin
A44: U.B. | B44: Ancestry | C44: 5th-8th Cousin | D44: 9th Cousin 1removed | E44: 11cM | F44: Jonathan Freemantle | G44: Susanna Bunny | H44: 8G Grandparents | I44: John Freemantle | J44: Thomas Freemantle
A45: Una Hawkins | B45: My Heritage | I45: John M Freemantle | J45: Thomas Freemantle
I46: Nicholas Freemantle | J46: Jonathan Freemantle
I47: Nicholas Freemantle | J47: James Freemantle
I48: James Freemantle | J48: Ann Freemantle
I49: Charlotte Freemantle | J49: Hannah Pearce
I50: William John Tucker | J50: Annette Helena Smith
I51: Jack Tucker | J51: Edith Grace Phillips
I52: June Margery Hall | J52: Una Hawkins
I53: Jill Elaine Robertson
A54: PaulEdinburgh | B54: Ancestry | C54: 5th-8th Cousin | D54: 9th Cousin 1xremoved | E54: 11cM | F54: Jonathan Freemantle | G54: Susanna Bunny | H54: 8G Grandparents | I54: John Freemantle | J54: Thomas Freemantle
I55: John M Freemantle | J55: Thomas Freemantle
I56: Nicholas Freemantle | J56: Jonathan Freemantle
I57: Nicholas Freemantle | J57: James Freemantle
I58: James Freemantle | J58: Alfred Freemantle
I59: Charlotte Freemantle | J59: Elizabeth Freemantle
I60: William John Tucker | J60: Ella Maud tegg
I61: Jack Tucker | J61: Lesley James Allen
I62: June Margery Hall | J62: Male Allen
I63: Jill Elaine Robertson
A64: Susan Fay | B64: Ancestry | C64: 5th-8th Cousin | D64: 6th Cousin | E64: 10cM | F64: William Freemantle | G64: Ann Cole | H64: 5G Grandparents | I64: Nicholas Freemantle | J64: James Freemantle
I65: James Freemantle | J65: Andrew Freemantle
I66: Charlotte Freemantle | J66: Ellen Freemantle
I67: William John Tucker | J67: Frances L Freemantle
I68: Jack Tucker | J68: George Henry Randall
I69: June Margery Hall | J69: Winifred F E Randall
I70: Simon Leigh Robertson | J70: Susan Impey
A71: Diane Short | B71: Ancestry | C71: 5th-8th Cousin | D71: 9th Cousin 1xremoved | E71: 10cM | F71: Jonathan Freemantle | G71: Susanna Bunny | H71: 8G Grandparents | I71: John Freemantle | J71: Thomas Freemantle
I72: John M Freemantle | J72: Thomas Freemantle
I73: Nicholas Freemantle | J73: Jonathan Freemantle
I74: Nicholas Freemantle | J74: James Freemantle
I75: James Freemantle | J75: James Freemantle
I76: Charlotte Freemantle | J76: Jane Freemantle
I77: William John Tucker | J77: Sophia Hilderley
I78: Jack Tucker | J78: Gladys Mabel Davies
I79: June Margery Hall | J79: Ronald Ernest Shor
I80: Jill Elaine Robertson | J80: Diane Short
A81: Sarah A Freemantle | B81: My Heritage | C81: 5th-8th Cousin | D81: 6th Cousin | E81: 9cM | F81: Nicholas Freemantle | G81: Sarah Logget | H81: 5G Grandparents | I81: Nicholas Freemantle | J81: Aaron Freemantle
I82: James Freemantle | J82: Moses Freemantle
I83: Charlotte Freemantle | J83: William Freemantle
I84: William John Tucker | J84: John B Freemantle
I85: Jack Tucker | J85: John B W Freemantle
I86: June Margery Hall | J86: Derek E Freemantle
I87: Simon Leigh Robertson | J87: Sarah A Freemantle
A88: Gary Quin | B88: Ancestry | C88: 5th-8th Cousin | D88: 6th Cousin | E88: 8cM | F88: William Freemantle | G88: Ann Cole | H88: 5G Grandparents | I88: Nicholas Freemantle | J88: James Freemantle
I89: James Freemantle | J89: Thomas Freemantle
I90: Charlotte Freemantle | J90: Thomas William Freemantle
I91: William John Tucker | J91: Sarah S Freemantle
I92: Jack Tucker | J92: Daisy F Robinson
I93: June Margery Hall | J93: Female Wiseman
I94: Simon Leigh Robertson | J94: Gary Quin
A95: Phillip McNamara | B95: Ancestry | C95: 5th-8th Cousin | D95: 6th Cousin | E95: 8cM | F95: William Freemantle | G95: Ann Cole | H95: 5G Grandparents | I95: Nicholas Freemantle | J95: James Freemantle
I96: James Freemantle | J96: Thomas Freemantle
I97: Charlotte Freemantle | J97: Thomas William Freemantle
I98: William John Tucker | J98: Albert Luther Freemantle
I99: Jack Tucker | J99: Donald Arthur Freemantle
I100: June Margery Hall | J100: Jean Cicely Freemantle
...

Sheet Gates
A1: Summary | B1: =COUNTIF(I2:I1067,C1)+COUNTIF(I2:I1067,D1) -> 1 | C1: Simon Leigh Robertson | D1: Jill Elaine Robertson
A2: Name | B2: Source | C2: Predicted Relationship | D2: Actual Relationship | E2: Shared DNA | F2: Common Male Ancestor | G2: Common Female Ancestor | H2: Relationship to Ancestor | I2: My Ancestry | J2: Matched Ancestry
A3: Darryl Clark | B3: Ancestry | C3: 5th-8th Cousin | D3: 6th Cousin | E3: 9cM | F3: George Gates | G3: Elizabeth Worledge | H3: 5G Grandparents | I3: Elizabeth Gates | J3: Mary Ann Gates
I4: Elizabeth Otley | J4: Frederick Fincham
I5: Samuel Alfred Brinkley | J5: Louisa Fincham
I6: Charlotte Lydia Brinkley | J6: Alexander Archibald Beswick
I7: Maud Bessie Hall | J7: Archibald Beswick Payne
I8: June Margery Hall | J8: Female Payne
I9: Simon Leigh Robertson | J9: Darryl Clark

Sheet Hall
A1: Summary | B1: =COUNTIF(I2:I1171,C1)+COUNTIF(I2:I1171,D1) -> 36 | C1: Simon Leigh Robertson | D1: Jill Elaine Robertson
A2: Name | B2: Source | C2: Predicted Relationship | D2: Actual Relationship | E2: Shared DNA | F2: Common Male Ancestor | G2: Common Female Ancestor | H2: Relationship to Ancestor | I2: My Ancestry | J2: Matched Ancestry | K2: INDEX
A3: Debra Carter | B3: Ancestry | C3: 3rd-4th Cousin | D3: 2nd Cousin | E3: 265cM | F3: Frederick William Hall | G3: Charlotte Lydia Brinkley | H3: 1G Grandparents | I3: Maud Bessie Hall | J3: Florence Ida Hall | K3: {=_xlfn._xlws.SORT(_xlfn.UNIQUE(_xlfn._xlws.FILTER(J:J, J:J <> "")))} -> Alfred Banham
E4: 154cM | I4: June Margery Hall | J4: Barbara D Butters | K4: Amy Delmonte Hall
I5: Simon Leigh Robertson | J5: Debra Julie Carter | K5: Angela Boxall
A6: Cherish Maxwell | B6: 23andMe | C6: 3rd Cousin | D6: 2nd Cousin 1xremoved | E6: 112cM | F6: Frederick William Hall | G6: Charlotte Lydia Brinkley | H6: 1G Grandparents | I6: Maud Bessie Hall | J6: Ethel Christine Hall | K6: Ann E C Hall
I7: June Margery Hall | J7: Marian C Sporle | K7: Annie Kathleen Willis
I8: Simon Leigh Robertson | J8: Katrina Helen Mexson | K8: Anthony B Williams
J9: Cherish Maxwell | K9: April Faulkner
A10: llagasse140 | B10: Ancestry | C10: 3rd-4th Cousin | D10: Half 2nd Cousin | E10: 127cM | F10: Frederick William Hall | G10: Charlotte Lydia Brinkley | H10: 1G Grandparents | I10: Maud Bessie Hall | J10: Nellie Hall | K10: Arthur John Hall
E11: 110cM | G11: Olive Loffler | I11: June Margery Hall | J11: Stanley Autun Tattershall | K11: Banham
I12: Simon Leigh Robertson | J12: Lorraine Tattershall | K12: Barbara D Butters
A13: Kyle Short | B13: 23andMe | C13: 3rd Cousin | D13: Half 2nd Cousin 1xremoved | E13: 98cM | F13: Frederick William Hall | G13: Charlotte Lydia Brinkley | H13: 1G Grandparents | I13: Maud Bessie Hall | J13: Nellie Hall | K13: Barbara Jean Hall
G14: Olive Loffler | I14: June Margery Hall | J14: Irene May McDougal | K14: Bryce Masters
I15: Simon Leigh Robertson | J15: Short | K15: Carol Edith Ryder
J16: Kyle Short | K16: Cecil Dudley Hall
A17: Robert King | B17: Ancestry | C17: 4th Cousin | D17: 2nd Cousin 1xremoved | E17: 69cM | F17: Frederick William Hall | G17: Charlotte Lydia Brinkley | H17: 1G Grandparents | I17: Maud Bessie Hall | J17: Violet Selina Hall | K17: Cecil Hall
I18: June Margery Hall | J18: Doreen Joan Ruffel | K18: Charles Henry Hall
I19: Simon Leigh Robertson | J19: Jane E Clayton | K19: Cherish Maxwell
J20: Robert King | K20: Clare Jane Daborn
A21: Sarah clennell | B21: MyHeritage | C21: 4th Cousin | D21: 5th Cousin | E21: 63.1cM | F21: Jasper Hall | G21: Mary Orders | H21: 4G Grandparents | I21: William Hall | J21: Frederick Hall | K21: Corinne Bachnsky
I22: Henry Hall | J22: Charles Henry Hall | K22: Daisy Hall
I23: Frederick William Hall | J23: William Colchester Hall | K23: Daphne Diana Davies
I24: Maud Bessie Hall | J24: Dorothy Thelma Hall | K24: David Ian Clennell
I25: June Margery Hall | J25: David Ian Clennell | K25: David Platt
I26: Simon Leigh Robertson | J26: Sarah L Clennell | K26: Dawn McCluskey
A27: Marianne Nicholls | B27: 23andMe | C27: 4th Cousin | D27: 4th Cousin 1xremoved | E27: 61cM | F27: Jasper Hall | G27: Mary Orders | H27: 4G Grandparents | I27: William Hall | J27: Frederick Hall | K27: Debra Julie Carter
I28: Henry Hall | J28: Charles Henry Hall | K28: Denise Annette Goodchild
I29: Frederick William Hall | J29: Charles Henry Hall | K29: Denise Elmy
I30: Maud Bessie Hall | J30: Richard Sidney Hall | K30: Denise L Langford
I31: June Margery Hall | J31: Marianne Hall | K31: Doreen Joan Ruffel
I32: Simon Leigh Robertson | K32: Dorothy Thelma Hall
A33: John Malcolm Banham | B33: MyHeritage | C33: 4th-6th Cousin | D33: 4th Cousin 1xremoved | E33: 55.3cM | F33: William Hall | G33: Anne Ford | H33: 3G Grandparents | I33: Henry Hall | J33: Frederick J Hall | K33: Edith Gertrude Hall
I34: Frederick William Hall | J34: Ann E C Hall | K34: Edward William Hall
I35: Maud Bessie Hall | J35: George Robert Banham | K35: Edwin Lewis Read
I36: June Margery Hall | J36: Sybil Kate Banham | K36: Eliza Ford
I37: Jill Elaine Robertson | J37: Eric Lionel Banham | K37: Elizabeth F Hall
J38: John Malcolm Banham | K38: Ellen Lillian Read
A39: Denise Langley | B39: Ancestry | C39: 4th-6th Cousin | D39: 4th Cousin | E39: 49cM | F39: William Hall | G39: Anne Ford | H39: 3G Grandparents | I39: Henry Hall | J39: James Hall | K39: Elsie Rhoda McDougal
I40: Frederick William Hall | J40: George Henry Hall | K40: Eric Banham
I41: Maud Bessie Hall | J41: Daisy Hall | K41: Eric Lionel Banham
I42: June Margery Hall | J42: Daphne Diana Davies | K42: Ethel Christine Hall
I43: Simon Leigh Robertson | J43: Denise L Langford | K43: Evelyn Grace Masters
A44: Jamil Maxwell | B44: 23andMe | C44: 3rd Cousin | D44: 2nd Cousin 1xremoved | E44: 46cM | F44: Frederick William Hall | G44: Charlotte Lydia Brinkley | H44: 1G Grandparents | I44: Maud Bessie Hall | J44: Ethel Christine Hall | K44: Florence Ida Hall
I45: June Margery Hall | J45: Marian C Sporle | K45: Frederick George Syms
I46: Simon Leigh Robertson | J46: Katrina Helen Mexson | K46: Frederick Hall
J47: Jamil Maxwell | K47: Frederick J Banham
A48: James Nicholls | B48: 23andMe | C48: 4th Cousin | D48: 5th Cousin | E48: 46cM | F48: Jasper Hall | G48: Mary Orders | H48: 4G Grandparents | I48: William Hall | J48: Frederick Hall | K48: Frederick J Hall
I49: Henry Hall | J49: Charles Henry Hall | K49: Frederick Jasper Hall
I50: Frederick William Hall | J50: Charles Henry Hall | K50: Frederick Jesse Hall
I51: Maud Bessie Hall | J51: Richard Sidney Hall | K51: Gareth Robert Syms
I52: June Margery Hall | J52: Marianne Hall | K52: George Frederick Hall
I53: Simon Leigh Robertson | J53: James Nicholls | K53: George Henry Hall
A54: Robert Hall | B54: Ancestry | C54: 3rd-4th Cousin | D54: 3rd Cousin | E54: 43cM | F54: Henry Hall | G54: Maria Hughes Penny | H54: 2G Grandparents | I54: Frederick William Hall | J54: James Hall | K54: George R Lavallin
E55: 33cM | I55: Maud Bessie Hall | J55: Robert Henry Hall | K55: George Robert Banham
I56: June Margery Hall | J56: Robert James Hall | K56: Grace Dunkerley
I57: Simon Leigh Robertson | J57: Robert Hall | K57: Greta R Hazel
A58: R Williams | B58: 23andMe | C58: 3rd Cousin | D58: 2nd Cousin 1xremoved | E58: 40cM | F58: Frederick William Hall | G58: Charlotte Lydia Brinkley | H58: 1G Grandparents | I58: Maud Bessie Hall | J58: Edward William Hall | K58: Gwendoline P Hall
I59: June Margery Hall | J59: Maureen J Hall | K59: Gwendoline R Banham
I60: Simon Leigh Robertson | J60: Anthony B Williams | K60: Gwendoline Ryder
J61: R Williams | K61: Henry William Hall
A62: Matthew Williams | B62: 23andMe | C62: 3rd Cousin | D62: 2nd Cousin 1xremoved | E62: 39cM | F62: Frederick William Hall | G62: Charlotte Lydia Brinkley | H62: 1G Grandparents | I62: Maud Bessie Hall | J62: Edward William Hall | K62: Irene May McDougal
I63: June Margery Hall | J63: Maureen J Hall | K63: Isabella Hall
I64: Simon Leigh Robertson | J64: Anthony B Williams | K64: James A F Hall
J65: Matthew Williams | K65: James Alfred Hall
A66: William Swiderski | B66: 23andMe | C66: 3rd Cousin | D66: Half 2nd Cousin 1xremoved | E66: 37cM | F66: Frederick William Hall | G66: Charlotte Lydia Brinkley | H66: 1G Grandparents | I66: Maud Bessie Hall | J66: Nellie Hall | K66: James Hall
G67: Olive Loffler | I67: June Margery Hall | J67: Elsie Rhoda McDougal | K67: James Nicholls
I68: Simon Leigh Robertson | J68: Corinne Bachnsky | K68: Jamil Maxwell
J69: William Swiderski | K69: Jane E Clayton
A70: Greta Walker | B70: Ancestry | C70: 4th-6th Cousin | D70: 4th Cousin | E70: 36cM | F70: William Hall | G70: Anne Ford | H70: 3G Grandparents | I70: Henry Hall | J70: Frederick J Hall | K70: John Malcolm Banham
I71: Frederick William Hall | J71: Ann E C Hall | K71: Katie Louise Dunkerley
I72: Maud Bessie Hall | J72: Frederick J Banham | K72: Katrina Helen Mexson
I73: June Margery Hall | J73: Gwendoline R Banham | K73: Keith Syms
I74: Jill Elaine Robertson | J74: Greta R Hazel | K74: Kyle Short
A75: Clare Jane Daborn | B75: MyHeritage | C75: 3rd-4th Cousin | D75: 3rd Cousin | E75: 35cM | F75: Henry Hall | G75: Maria Hughes Penny | H75: 2G Grandparents | I75: Frederick William Hall | J75: Henry William Hall | K75: Laura Jane Dunkerley
E76: 25cM | I76: Maud Bessie Hall | J76: George Frederick Hall | K76: Linda Chown
I77: June Margery Hall | J77: Elizabeth F Hall | K77: Linda D Stemp
I78: Simon Leigh Robertson | J78: Clare Jane Daborn | K78: Lorraine Tattershall
A79: Dawn McCluskey | B79: 23andMe | C79: 4th Cousin | D79: Half 2nd Cousin 1xremoved | E79: 34cM | F79: Frederick William Hall | G79: Charlotte Lydia Brinkley | H79: 1G Grandparents | I79: Maud Bessie Hall | J79: Edith Gertrude Hall | K79: Lynda Willis
G80: Olive Loffler | I80: June Margery Hall | J80: Peter Donald Ryder | K80: Male Platt
I81: Simon Leigh Robertson | J81: Carol Edith Ryder | K81: Male Willis
J82: Dawn McCluskey | K82: Margot Elizabeth Hall
A83: Grace Dunkerley | B83: Ancestry | C83: 4th-6th Cousin | D83: 4th Cousin 1xremoved | E83: 31cM | F83: William Hall | G83: Anne Ford | H83: 3G Grandparents | I83: Henry Hall | J83: James Hall | K83: Marian C Sporle
I84: Frederick William Hall | J84: James A F Hall | K84: Marianne Hall
I85: Maud Bessie Hall | J85: Bryce Masters | K85: Marion Hall
I86: June Margery Hall | J86: Evelyn Grace Masters | K86: Mark McCluskey
I87: Jill Elaine Robertson | J87: Linda D Stemp | K87: Mary Hall
J88: Grace Dunkerley | K88: Matched Ancestry
A89: George Lavallin | B89: Ancestry | C89: 4th-6th Cousin | D89: 3rd Cousin 1xremoved | E89: 31cM | F89: William Hall | G89: Anne Ford | H89: 3G Grandparents | I89: Henry Hall | J89: James Hall | K89: Matthew Williams
E90: 12cM | I90: Frederick William Hall | J90: James A F Hall | K90: Maud Demonte Hall
I91: Maud Bessie Hall | J91: Phyllis Georgina Hall | K91: Maureen J Hall
I92: June Margery Hall | J92: George R Lavallin | K92: Nellie Hall
I93: Jill Elaine Robertson | K93: Peter Donald Ryder
K94: Phyllis Georgina Hall
A95: Mark McCluskey | B95: 23andMe | C95: 4th Cousin | D95: Half 2nd Cousin 1xremoved | E95: 28cM | F95: Frederick William Hall | G95: Charlotte Lydia Brinkley | H95: 1G Grandparents | I95: Maud Bessie Hall | J95: Edith Gertrude Hall | K95: R Williams
G96: Olive Loffler | I96: June Margery Hall | J96: Peter Donald Ryder | K96: Richard Sidney Hall
I97: Simon Leigh Robertson | J97: Carol Edith Ryder | K97: Rita Delmonte Boxall
J98: Mark McCluskey | K98: Robert Hall
A99: Denise Elmy | B99: MyHeritage | C99: 4th Cousin's Daughter | D99: 4th Cousin 1xremoved | E99: 28cM | F99: William Hall | G99: Anne Ford | H99: 3G Grandparents | I99: Henry Hall | J99: Frederick Jasper Hall | K99: Robert Henry Hall
I100: Frederick William Hall | J100: Ann E C Hall | K100: Robert James Hall
...

Sheet Hook
A1: Summary | B1: =COUNTIF(I2:I1067,C1)+COUNTIF(I2:I1067,D1) -> 1 | C1: Simon Leigh Robertson | D1: Jill Elaine Robertson
A2: Name | B2: Source | C2: Predicted Relationship | D2: Actual Relationship | E2: Shared DNA | F2: Common Male Ancestor | G2: Common Female Ancestor | H2: Relationship to Ancestor | I2: My Ancestry | J2: Matched Ancestry
A3: Alex Hawkins | B3: Ancestry | C3: 5th-8th Cousin | D3: 6th Cousin 1xremoved | E3: 9cM | F3: John Hook | G3: Ann Goddard | H3: 5G Grandparents | I3: Jane Hook | J3: Sarah Hook
A4: (See Biddle) | I4: John Tucker | J4: Eliza White
I5: John Tucker | J5: Samuel Watts
I6: William John Tucker | J6: Sarah Watts
I7: John Francis Tucker | J7: Florence Martin
I8: June Margery Hall | J8: John Henry Hawkins
I9: Simon Leigh Robertson | J9: Male Hawkins
J10: Alex Hawkins

Sheet Hogben
A1: Summary | B1: =COUNTIF(I2:I1085,C1)+COUNTIF(I2:I1085,D1) -> 6 | C1: Simon Leigh Robertson | D1: Jill Elaine Robertson
A2: Name | B2: Source | C2: Predicted Relationship | D2: Actual Relationship | E2: Shared DNA | F2: Common Male Ancestor | G2: Common Female Ancestor | H2: Relationship to Ancestor | I2: My Ancestry | J2: Matched Ancestry
A3: Joan Bedford | B3: Ancestry | C3: 5th-8th Cousin | D3: 6th Cousin | E3: 21cM | G3: Mary Hogben | H3: 5G Grandparents | I3: John Maxted Bushell | J3: Thomas Stokes
E4: 28cM | I4: Thomas Bushell | J4: Ann Stokes
I5: Anne Bushell | J5: Ann Stokes Barton
I6: Ellen Jezzard | J6: Ann Constable
I7: Jack Tucker | J7: James Richard Smith
I8: June Margery Hall | J8: Gladys Nellie Smith
I9: Simon Leigh Robertson | J9: Joan Ellen Belsey
A10: Hayley Sharp | B10: Ancestry | C10: 5th-8th Cousin | D10: 6th Cousin 1xremoved | E10: 20cM | G10: Mary Hogben | H10: 5G Grandparents | I10: John Maxted Bushell | J10: Thomas Stokes
E11: 19cM | I11: Thomas Bushell | J11: Ann Stokes
I12: Anne Bushell | J12: Ann Stokes Barton
I13: Ellen Jezzard | J13: Ann Constable
I14: Jack Tucker | J14: James Richard Smith
I15: June Margery Hall | J15: Herbert Smith
I16: Simon Leigh Robertson | J16: female Smith
J17: Hayley Sharp
A18: h4jdy | B18: Ancestry | C18: 5th-8th Cousin | D18: 6th Cousin 1xremoved | E18: 19cM | G18: Mary Hogben | H18: 5G Grandparents | I18: John Maxted Bushell | J18: Thomas Stokes
E19: 19cM | I19: Thomas Bushell | J19: Ann Stokes
I20: Anne Bushell | J20: Ann Stokes Barton
I21: Ellen Jezzard | J21: Ann Constable
I22: Jack Tucker | J22: James Richard Smith
I23: June Margery Hall | J23: Gladys Nellie Smith
I24: Simon Leigh Robertson | J24: H4JDY
A25: ladean2003 | B25: Ancestry | C25: 5th-8th Cousin | D25: 6th Cousin 1xRemoved | E25: 12cM | F25: Michael Hogbin | G25: Elizabeth Miriams | H25: 6G Grandparents | I25: Mary Hogben | J25: Willam Hogben
E26: 10cM | I26: John Maxted Bushell | J26: Elizabeth Hogben
I27: Thomas Bushell | J27: Alice Goodburn
I28: Anne Bushell | J28: Florence A Hemstock
I29: Ellen Jezzard | J29: Frederick H Burrows
I30: Jack Tucker | J30: Jean Hiller Burrows
I31: June Margery Hall | J31: Ann Hiller
I32: Simon Leigh Robertson
A33: Rachele Stuart | B33: Ancestry | C33: 5th-8th Cousin | D33: 9th Cousin 2xRemoved | E33: 9cM | F33: Henry Hogben | G33: Anne Castle | H33: 8G Grandparents | I33: Michael Hogbin | J33: Catherine Hogben
I34: Michael Hogbin | J34: Richard Carter
I35: Mary Hogben | J35: Standford Carter
I36: John Maxted Bushell | J36: Richard William Carter
I37: Thomas Bushell | J37: Richard Carter
I38: Anne Bushell | J38: Lemuel Samuel Carter
I39: Ellen Jezzard | J39: Rachel Jane Carter
I40: Jack Tucker | J40: Olive Ester Helt
I41: June Margery Hall | J41: Olive Ruth Roe
I42: Simon Leigh Robertson | J42: Janet Carol Rutledge
J43: William Amos
J44: Rachel Amos
A45: William Amos | B45: Ancestry | C45: 5th-8th Cousin | D45: 9th Cousin 1xRemoved | E45: 8cM | F45: Henry Hogben | G45: Elizabeth Hyle | H45: 8G Grandparents | I45: Michael Hogbin | J45: Catherine Hogben
G46: Anne Castle | I46: Michael Hogbin | J46: Richard Carter
I47: Mary Hogben | J47: Standford Carter
I48: John Maxted Bushell | J48: Richard William Carter
I49: Thomas Bushell | J49: Richard Carter
I50: Anne Bushell | J50: Lemuel Samuel Carter
I51: Ellen Jezzard | J51: Rachel Jane Carter
I52: Jack Tucker | J52: Olive Ester Helt
I53: June Margery Hall | J53: Olive Ruth Roe
I54: Simon Leigh Robertson | J54: Janet Carol Rutledge
J55: William Amos

Sheet Hughes
A1: Summary | B1: =COUNTIF(I2:I1073,C1)+COUNTIF(I2:I1073,D1) -> 3 | C1: Simon Leigh Robertson | D1: Jill Elaine Robertson
A2: Name | B2: Source | C2: Predicted Relationship | D2: Actual Relationship | E2: Shared DNA | F2: Common Male Ancestor | G2: Common Female Ancestor | H2: Relationship to Ancestor | I2: My Ancestry | J2: Matched Ancestry
A3: Noel Chidgey | B3: Ancestry | C3: 5th-8th Cousin | D3: 4th Cousin 1xremoved | E3: 7cM | F3: Thomas Hughes | G3: Elizabeth Wray | H3: 4G Grandparents | I3: Elizabeth Hughes | J3: Thomas George Hughes
I4: Maria Hughes Penny | J4: Sarah Ann Hughes
I5: Frederick William Hall | J5: Jane Alice Hopping
I6: Maud Bessie Hall | J6: Sarah Ann Amor
I7: June Margery Hall | J7: Noel Leonard Chidgey
I8: Simon Leigh Robertson
A9: Helen Harland | B9: Ancestry | C9: 5th-8th Cousin | D9: 5th Cousin | E9: 6cM | F9: Thomas Hughes | G9: Elizabeth Wray | H9: 4G Grandparents | I9: Elizabeth Hughes | J9: Thomas George Hughes
I10: Maria Hughes Penny | J10: Sarah Ann Hughes
I11: Frederick William Hall | J11: Jane Alice Hopping
I12: Maud Bessie Hall | J12: Sarah Ann Amor
I13: June Margery Hall | J13: Male Chidgey
I14: Simon Leigh Robertson | J14: Helen Chidgey
A15: westcatcastle | B15: Ancestry | C15: 5th-8th Cousin | D15: 5th Cousin | E15: 6cM | F15: Thomas Hughes | G15: Elizabeth Wray | H15: 4G Grandparents | I15: Elizabeth Hughes | J15: Thomas George Hughes
I16: Maria Hughes Penny | J16: Sarah Ann Hughes
I17: Frederick William Hall | J17: Jane Alice Hopping
I18: Maud Bessie Hall | J18: Sarah Ann Amor
I19: June Margery Hall | J19: Leonard Arthur Chidgey
I20: Simon Leigh Robertson | J20: Male Chidgey
J21: Female Chidgey

Sheet Humphrey
A1: Summary | B1: =COUNTIF(I2:I1067,C1)+COUNTIF(I2:I1067,D1) -> 4 | C1: Simon Leigh Robertson | D1: Jill Elaine Robertson
A2: Name | B2: Source | C2: Predicted Relationship | D2: Actual Relationship | E2: Shared DNA | F2: Common Male Ancestor | G2: Common Female Ancestor | H2: Relationship to Ancestor | I2: My Ancestry | J2: Matched Ancestry
A3: Mark Spriggs | B3: Ancestry | C3: 4th-6th Cousin | D3: 7th Cousin 1xRemoved | E3: 57cM | F3: Isaac Humphrey | G3: Judith Foster | H3: 6G Grandparents | I3: Robert Humphrey | J3: Hannah Humphrey
E4: 11cM | I4: Mary Humphrey | J4: John Carter
I5: James Bevis | J5: Hannah Carter
I6: James Beavers | J6: Ephraim Sycamore
I7: Mary Ann Bevers | J7: Elisha Sycamore
I8: Elsie Wilson | J8: Albert E Sycamore
I9: Gordon Walter Robertson | J9: George E Sycamore
I10: Simon Leigh Robertson | J10: Jayne Ann Sycamore
J11: Mark D Spriggs
A12: Christine Murray | B12: MyHeritage | C12: 4th-6th Cousin | D12: 6th Cousin 1xRemoved | E12: 45cM | F12: Isaac Humphrey | G12: Judith Foster | H12: 6G Grandparents | I12: Robert Humphrey | J12: Hannah Humphrey
I13: Mary Humphrey | J13: John Carter
I14: James Bevis | J14: Hannah Carter
I15: James Beavers | J15: Ephraim Sycamore
I16: Mary Ann Bevers | J16: Constance Sycamore
I17: Elsie Wilson | J17: Phyllis Warren
I18: Gordon Walter Robertson | J18: Christine Halsey
I19: Simon Leigh Robertson
A20: Samantha Rush | B20: MyHeritage | C20: 4th-6th Cousin | D20: 7th Cousin | E20: 24cM | F20: Isaac Humphrey | G20: Judith Foster | H20: 6G Grandparents | I20: Robert Humphrey | J20: Hannah Humphrey
I21: Mary Humphrey | J21: John Carter
I22: James Bevis | J22: Hannah Carter
I23: James Beavers | J23: Ephraim Sycamore
I24: Mary Ann Bevers | J24: Constance Sycamore
I25: Elsie Wilson | J25: Phyllis Warren
I26: Gordon Walter Robertson | J26: Christine Halsey
I27: Simon Leigh Robertson | J27: Samantha Murray
A28: Josephine | B28: MyHeritage | C28: 4th-6th Cousin | D28: 6th Cousin 1xRemoved | E28: 24cM | F28: Isaac Humphrey | G28: Judith Foster | H28: 6G Grandparents | I28: Robert Humphrey | J28: Hannah Humphrey
I29: Mary Humphrey | J29: John Carter
I30: James Bevis | J30: Hannah Carter
I31: James Beavers | J31: Ephraim Sycamore
I32: Mary Ann Bevers | J32: Constance Sycamore
I33: Elsie Wilson | J33: Phyllis Warren
I34: Gordon Walter Robertson | J34: Josephine C Halsey
I35: Simon Leigh Robertson

Sheet Jezzard
A1: Summary | B1: =COUNTIF(I2:I1137,C1)+COUNTIF(I2:I1137,D1) -> 35 | C1: Simon Leigh Robertson | D1: Jill Elaine Robertson
A2: Name | B2: Source | C2: Predicted Relationship | D2: Actual Relationship | E2: Shared DNA | F2: Common Male Ancestor | G2: Common Female Ancestor | H2: Relationship to Ancestor | I2: My Ancestry | J2: Matched Ancestry
A3: Joan Foley | B3: MyHeritage | C3: 4th-6th Cousin | D3: 2nd Cousin 1xremoved | E3: 186.4cM | F3: George Phillips Jezzard | G3: Anne Bushell | H3: 2G Grandparents | I3: Ellen Jezzard | J3: Alfred George Jezzard
E4: 112.2cM | I4: Jack Tucker | J4: Lilian Ada Jezzard
I5: June Margery Hall | J5: Joan M Murphy
I6: Simon Leigh Robertson
A7: Brian Foley | B7: Ancestry | C7: 4th-6th Cousin | D7: 3rd Cousin | E7: 130cM | F7: George Phillips Jezzard | G7: Anne Bushell | H7: 2G Grandparents | I7: Ellen Jezzard | J7: Alfred George Jezzard
E8: 50cM | I8: Jack Tucker | J8: Lilian Ada Jezzard
I9: June Margery Hall | J9: Joan M Murphy
I10: Simon Leigh Robertson | J10: Brian N S Foley
A11: Anne Horsley | B11: Ancestry | C11: 3rd-4th Cousin | D11: 3rd Cousin | E11: 113cM | F11: George Phillips Jezzard | G11: Anne Bushell | H11: 2G Grandparents | I11: Ellen Jezzard | J11: Alfred George Jezzard
E12: 49cM | I12: Jack Tucker | J12: Lilian Ada Jezzard
I13: June Margery Hall | J13: Harry Murphy
I14: Simon Leigh Robertson | J14: Anne Murphy
A15: Shane Jezzard | B15: MyHeritage | C15: 3rd-4th Cousin | D15: 3rd Cousin 1xremoved | E15: 108cM | F15: George Phillips Jezzard | G15: Anne Bushell | H15: 2G Grandparents | I15: Ellen Jezzard | J15: Alfred George Jezzard
E16: 31cM | I16: Jack Tucker | J16: Alfred George Jezzard
I17: June Margery Hall | J17: Alfred George Jezzard
I18: Simon Leigh Robertson | J18: Tracy Ellen Jezzard
J19: Shane Aaron Jezzard
A20: Stephen Jezzard | B20: MyHeritage | C20: 3rd-4th Cousin | D20: 3rd Cousin | E20: 52.5cM | F20: George Phillips Jezzard | G20: Anne Bushell | H20: 2G Grandparents | I20: Ellen Jezzard | J20: Alfred George Jezzard
E21: 86.4cM | I21: Jack Tucker | J21: William Albert Jezzard
I22: June Margery Hall | J22: George H D Jezzard
I23: Simon Leigh Robertson | J23: Stephen D W Jezzard
A24: Brian Jezzard | B24: MyHeritage | C24: 3rd-4th Cousin | D24: 3rd Cousin 1xremoved | E24: 77.9cM | F24: George Phillips Jezzard | G24: Anne Bushell | H24: 2G Grandparents | I24: Ellen Jezzard | J24: Charles H Jezzard
E25: 48cM | I25: Jack Tucker | J25: Frederick D Jezzard
I26: June Margery Hall | J26: Derek J Jezzard
I27: Simon Leigh Robertson | J27: Brian P Jezzard
A28: Debra Blackford | B28: 23andme | C28: 3rd Cousin | D28: 3rd Cousin 1xremoved | E28: 62cM | F28: George Phillips Jezzard | G28: Anne Bushell | H28: 2G Grandparents | I28: Ellen Jezzard | J28: Charles H Jezzard
I29: Jack Tucker | J29: Frederick D Jezzard
I30: June Margery Hall | J30: Derek J Jezzard
I31: Simon Leigh Robertson | J31: Debra L Jezzard
A32: Susan Scott | B32: Ancestry | C32: 4th-6th Cousin | D32: 3rd Cousin 1xremoved | E32: 59cM | F32: George Phillips Jezzard | G32: Anne Bushell | H32: 2G Grandparents | I32: Ellen Jezzard | J32: Alfred Jezzard
E33: 17cM | I33: Jack Tucker | J33: Walter Ernest Jezzard
I34: June Margery Hall | J34: Pauline M Jezzard
I35: Simon Leigh Robertson | J35: Susan Watts
A36: Daniel Steven Jezzard | B36: Familytreedna | C36: 4th-Remote Cousin | D36: 3rd Cousin 1xremoved | E36: 59cM | F36: George Phillips Jezzard | G36: Anne Bushell | H36: 2G Grandparents | I36: Ellen Jezzard | J36: Charles H Jezzard
I37: Jack Tucker | J37: Frederick D Jezzard
I38: June Margery Hall | J38: Derek J Jezzard
I39: Simon Leigh Robertson | J39: Steven D Jezzard
A40: David Mansfield | B40: Ancestry | C40: 4th-6th Cousin | D40: 3rd Cousin | E40: 59cM | F40: George Phillips Jezzard | G40: Anne Bushell | H40: 2G Grandparents | I40: Ellen Jezzard | J40: Ellen Jezzard
E41: 56cM | I41: Jack Tucker | J41: George E Mansfield
I42: June Margery Hall | J42: John C Mansfield
I43: Simon Leigh Robertson | J43: David John Mansfield
A44: Kieran Suchet | B44: Ancestry | C44: 4th-6th Cousin | D44: 3rd Cousin 1xremoved | E44: 48cM | F44: George Phillips Jezzard | G44: Anne Bushell | H44: 2G Grandparents | I44: Ellen Jezzard | J44: Walter Jezzard
E45: 48cM | I45: Jack Tucker | J45: Elsie Gladys Jezzard
I46: June Margery Hall | J46: Joan Patricia A Jarche
I47: Simon Leigh Robertson | J47: John Aleck Suchet
J48: Kieran Andrew A Suchet
A49: Lauren Wine | B49: Ancestry | C49: 4th-6th Cousin | D49: 3rd Cousin 1xremoved | E49: 42cM | F49: George Phillips Jezzard | G49: Anne Bushell | H49: 2G Grandparents | I49: Ellen Jezzard | J49: Charles Henry Jezzard
E50: 38cM | I50: Jack Tucker | J50: Frederick D Jezzard
I51: June Margery Hall | J51: Shirley A Jezzard
I52: Simon Leigh Robertson | J52: Mark K Port
J53: Lauren Wine
A54: Martin Jezzard | B54: 23andme | C54: 3rd Cousin | D54: 3rd Cousin | E54: 54cM | F54: George Phillips Jezzard | G54: Anne Bushell | H54: 2G Grandparents | I54: Ellen Jezzard | J54: Alfred George Jezzard
I55: Jack Tucker | J55: Walter Ernest Jezzard
I56: June Margery Hall | J56: Walter Henry Jezzard
I57: Simon Leigh Robertson | J57: Martin F Jezzard
A58: TobyMersch | B58: Ancestry | C58: 4th-6th Cousin | D58: 4th Cousin | E58: 52cM | F58: George Phillips Jezzard | G58: Anne Bushell | H58: 2G Grandparents | I58: Ellen Jezzard | J58: Ellen Jezzard
E59: 29cM | I59: Jack Tucker | J59: Florence M French
I60: June Margery Hall | J60: Olga Mabel Church
I61: Simon Leigh Robertson | J61: Wendy O C Ruddy
J62: Toby John Mersch
A63: Devon Maree Bull | B63: MyHeritage | C63: 3rd-5th Cousin | D63: 5th Cousin | E63: 39cM | F63: George Jezzard | G63: Lydia Shrewsbury | H63: 3G Grandparents | I63: George Phillips Jezzard | J63: Sarah Elizabeth Jezzard
E64: 16.7cM | I64: Ellen Jezzard | J64: Percy George Rolfe
I65: Jack Tucker | J65: Grace Alice Rolfe
I66: June Margery Hall | J66: Marie Jean Wise
I67: Simon Leigh Robertson | J67: Mary Paton
J68: Devon Marie Bull
A69: Paul Paton | B69: Ancestry | C69: 4th-6th Cousin | D69: 4th Cousin | E69: 34cM | F69: George Jezzard | G69: Lydia Shrewsbury | H69: 3G Grandparents | I69: George Phillips Jezzard | J69: Sarah Elizabeth Jezzard
E70: 19cM | I70: Ellen Jezzard | J70: Percy George Rolfe
I71: Jack Tucker | J71: Grace Alice Rolfe
I72: June Margery Hall | J72: Marie Jean Wise
I73: Simon Leigh Robertson | J73: Paul Paton
A74: Steve_Jezzard | B74: Ancestry | C74: 4th-6th Cousin | D74: 3rd Cousin 1xremoved | E74: 32cM | F74: George Phillips Jezzard | G74: Anne Bushell | H74: 2G Grandparents | I74: Ellen Jezzard | J74: Charles H Jezzard
E75: 24cM | I75: Jack Tucker | J75: Frederick D Jezzard
I76: June Margery Hall | J76: Derek J Jezzard
I77: Simon Leigh Robertson | J77: Steven D Jezzard
A78: Richard Howard | B78: Ancestry | C78: 4th-6th Cousin | D78: 4th Cousin 1xRemoved | E78: 29cM | F78: William Jezzard | G78: Mary Davis | H78: 4G Grandparents | I78: George Jezzard | J78: Francis Jezzard
E79: 11cM | I79: George P Jezzard | J79: Edward Stone Jezzard
I80: Ellen Jezzard | J80: Elizabeth F Jezzard
I81: Jack Tucker | J81: Frances May Gillett
I82: June Margery Hall | J82: Richard Howard
I83: Simon Leigh Robertson
A84: Elizabeth Wilson | B84: Ancestry | C84: 4th-6th Cousin | D84: 4th Cousin 1xRemoved | E84: 29cM | F84: William Jezzard | G84: Mary Davis | H84: 4G Grandparents | I84: George Jezzard | J84: Francis Jezzard
I85: George P Jezzard | J85: Edward Stone Jezzard
I86: Ellen Jezzard | J86: Robert Jezzard
I87: Jack Tucker | J87: Patricia Jezzard
I88: June Margery Hall | J88: Elizabeth A Graham
I89: Simon Leigh Robertson
A90: Patricia Graham | B90: Ancestry | C90: 4th-6th Cousin | D90: 3rd Cousin 3xremoved | E90: 27cM | F90: William Jezzard | G90: Mary Davis | H90: 4G Grandparents | I90: George Jezzard | J90: Francis Jezzard
I91: George P Jezzard | J91: Edward Stone Jezzard
I92: Ellen Jezzard | J92: Robert Jezzard
I93: Jack Tucker | J93: Patricia Jezzard
I94: June Margery Hall
I95: Simon Leigh Robertson
A96: cameron_rachel | B96: Ancestry | C96: 5th-8th Cousin | D96: 4th Cousin 1xremoved | E96: 27cM | F96: George Jezzard | G96: Lydia Shrewsbury | H96: 3G Grandparents | I96: George Phillips Jezzard | J96: Sarah E Jezzard
E97: 10cM | I97: Ellen Jezzard | J97: Percy George Rolfe
I98: Jack Tucker | J98: Albert A Rolfe
I99: June Margery Hall | J99: Patricia Mary Rolfe
I100: Simon Leigh Robertson | J100: Rachel Cameron
...

Sheet Jordan
A1: Summary | B1: =COUNTIF(I2:I1067,C1)+COUNTIF(I2:I1067,D1) -> 4 | C1: Simon Leigh Robertson | D1: Jill Elaine Robertson
A2: Name | B2: Source | C2: Predicted Relationship | D2: Actual Relationship | E2: Shared DNA | F2: Common Male Ancestor | G2: Common Female Ancestor | H2: Relationship to Ancestor | I2: My Ancestry | J2: Matched Ancestry
A3: Margaret Atherton | B3: Ancestry | C3: 5th-8th Cousin | D3: 6th Cousin 1xremoved | E3: 28cM | F3: Abraham Jordan | G3: Sarah Baker | H3: 6G Grandparents | I3: Sarah Jordan | J3: John Jordan
I4: Mary Pittock | J4: Thomas Jordan
I5: Thomas Bushell | J5: Susanna Jordan
I6: Anne Bushell | J6: George Atherton
I7: Ellen Jezzard | J7: Leonard H Atherton
I8: Jack Tucker | J8: George Luke Atherton
I9: June Margery Hall | J9: Margaret Atherton
I10: Simon Leigh Robertson
A11: Allegra Fulton | B11: Ancestry | C11: 5th-8th Cousin | D11: 6th Cousin 1xremoved | E11: 26cM | F11: Abraham Jordan | G11: Sarah Baker | H11: 6G Grandparents | I11: Sarah Jordan | J11: John Jordan
I12: Mary Pittock | J12: Thomas Jordan
I13: Thomas Bushell | J13: Susanna Jordan
I14: Anne Bushell | J14: John Atherton
I15: Ellen Jezzard | J15: Hilda Atherton
I16: Jack Tucker | J16: David Sylvester Fulton
I17: June Margery Hall | J17: Allegra Fulton
I18: Simon Leigh Robertson
A19: MaryBateson | B19: Ancestry | C19: 5th-8th Cousin | D19: 6th Cousin 1xremoved | E19: 26cM | F19: Abraham Jordan | G19: Sarah Baker | H19: 6G Grandparents | I19: Sarah Jordan | J19: John Jordan
I20: Mary Pittock | J20: Thomas Jordan
I21: Thomas Bushell | J21: Susanna Jordan
I22: Anne Bushell | J22: George Atherton
I23: Ellen Jezzard | J23: Leonard H Atherton
I24: Jack Tucker | J24: Roland L Atherton
I25: June Margery Hall | J25: Mary Atherton
I26: Simon Leigh Robertson
A27: Rhys Fulton-Doyle | B27: Ancestry | C27: 5th-8th Cousin | D27: 7th Cousin | E27: 19cM | F27: Abraham Jordan | G27: Sarah Baker | H27: 6G Grandparents | I27: Sarah Jordan | J27: John Jordan
I28: Mary Pittock | J28: Thomas Jordan
I29: Thomas Bushell | J29: Susanna Jordan
I30: Anne Bushell | J30: John Atherton
I31: Ellen Jezzard | J31: Hilda Atherton
I32: Jack Tucker | J32: David Sylvester Fulton
I33: June Margery Hall | J33: Allegra Fulton
I34: Simon Leigh Robertson | J34: Rhys Doyle

Sheet Lippincott
A1: Summary | B1: =COUNTIF(I2:I1107,C1)+COUNTIF(I2:I1107,D1) -> 24 | C1: Simon Leigh Robertson | D1: Jill Elaine Robertson
A2: Name | B2: Source | C2: Predicted Relationship | D2: Actual Relationship | E2: Shared DNA | F2: Common Male Ancestor | G2: Common Female Ancestor | H2: Relationship to Ancestor | I2: My Ancestry | J2: Matched Ancestry
A3: Judy Langston | B3: MyHeritage | C3: 5th-8th Cousin | D3: 9th Cousin | E3: 17.3cM | F3: Richard Lippincott | G3: Abigail Goody | H3: 8G Grandparents | I3: Restore Lippincott | J3: John Lippincott
E4: 12.2cM | I4: Abigail Lippincott | J4: Remembrance Lippincott
I5: Elizabeth Shinn | J5: William Lippincott
I6: John Biddle | J6: Samuel Lippincott
I7: George Biddle | J7: Samuel R Lippincott
I8: Emma Biddle | J8: Joseph Lippincott
I9: Emily Elizabeth Patrick | J9: Morgan Lippincott
I10: Walter William Robertson | J10: Mary E Lippincott
I11: Gordon Walter Robertson | J11: James Vigil Fleming
I12: Simon Leigh Robertson | J12: Loren Jay Fleming
J13: Judy Mae Fleming
A14: Scott Taylor Sandford | B14: MyHeritage | C14: 5th-8th Cousin | D14: 9th Cousin 1xremoved | E14: 13cM | F14: Richard Lippincott | G14: Abigail Goody | H14: 8G Grandparents | I14: Restore Lippincott | J14: Freedom Lippincott
I15: Abigail Lippincott | J15: Mary Lippincott
I16: Elizabeth Shinn | J16: Almy Borden
I17: John Biddle | J17: Catherine Scott
I18: George Biddle | J18: Anne Tilton
I19: Emma Biddle | J19: Anne Rogers Cochran
I20: Emily Elizabeth Patrick | J20: Emma Augusta Osborne
I21: Walter William Robertson | J21: Wilbur E Henderson
I22: Gordon Walter Robertson | J22: Evelyn B Henderson
I23: Jill Elaine Robertson | J23: Theodore M Sandford
J24: Scott Taylor Sandford
A25: Jonathan Glover | B25: Ancestry | C25: 5th-8th Cousin | D25: 8th Cousin | E25: 11cM | F25: Restore Lippincott | G25: Hannah Shuttuck | H25: 7G Grandparents | I25: Abigail Lippincott | J25: Rebecca Lippincott
I26: Elizabeth Shinn | J26: Jonathan Gaskill
I27: John Biddle | J27: Patience Gaskill
I28: George Biddle | J28: Joshua Engle
I29: Emma Biddle | J29: Hannah Phoebe Engle
I30: Emily Elizabeth Patrick | J30: Mary Adelaide Kingery
I31: Walter William Robertson | J31: Wheeler H Talbert
I32: Gordon Walter Robertson | J32: Daisy May Talbert
I33: Simon Leigh Robertson | J33: Jonathan M Glover
A34: GordonTalbert42 | B34: Ancestry | C34: 5th-8th Cousin | D34: 8th Cousin | E34: 10cM | F34: Restore Lippincott | G34: Hannah Shuttuck | H34: 7G Grandparents | I34: Abigail Lippincott | J34: Rebecca Lippincott
I35: Elizabeth Shinn | J35: Jonathan Gaskill
I36: John Biddle | J36: Patience Gaskill
I37: George Biddle | J37: Joshua Engle
I38: Emma Biddle | J38: Hannah Phoebe Engle
I39: Emily Elizabeth Patrick | J39: Mary Adelaide Kingery
I40: Walter William Robertson | J40: Wheeler H Talbert
I41: Gordon Walter Robertson | J41: Leslie Myrtle Talbert
I42: Simon Leigh Robertson | J42: Gordon Talbert
A43: Sandie Mortensen | B43: Ancestry | C43: 5th-8th Cousin | D43: 8th Cousin | E43: 10cM | F43: Restore Lippincott | G43: Hannah Shuttuck | H43: 7G Grandparents | I43: Abigail Lippincott | J43: Rebecca Lippincott
E44: 7cM | I44: Elizabeth Shinn | J44: Josiah Gaskill
I45: John Biddle | J45: Caleb Gaskill
I46: George Biddle | J46: Elizabeth Gaskill
I47: Emma Biddle | J47: Caleb Newbold
I48: Emily Elizabeth Patrick | J48: Elizabeth Newbold
I49: Walter William Robertson | J49: Arthur Thornton Minnis
I50: Gordon Walter Robertson | J50: Earl Blaine Minnis
I51: Simon Leigh Robertson | J51: Minnis?
A52: Tyler Moennich | B52: Ancestry | C52: 5th-8th Cousin | D52: 8th Cousin 2xremoved | E52: 10cM | F52: Restore Lippincott | G52: Hannah Shuttuck | H52: 7G Grandparents | I52: Abigail Lippincott | J52: Rebecca Lippincott
I53: Elizabeth Shinn | J53: Daniel Gaskill
I54: John Biddle | J54: Daniel Gaskill
I55: George Biddle | J55: Nathaniel Gaskill
I56: Emma Biddle | J56: Abigail Gaskill
I57: Emily Elizabeth Patrick | J57: Levi Wood
I58: Walter William Robertson | J58: Albert Leslie Wood
I59: Gordon Walter Robertson | J59: Mary Blanch Wood
I60: Simon Leigh Robertson | J60: Patricia Remier Beck
J61: Female Beck
J62: Tyler Moennich
A63: Vijay Stokes | B63: MyHeritage | C63: 5th-8th Cousin | D63: 8th Cousin 1xremoved | E63: 9cM | F63: Richard Lippincott | G63: Abigail Goody | H63: 8G Grandparents | I63: Restore Lippincott | J63: Freedom Lippincott
I64: Abigail Lippincott | J64: Judith Lippincott
I65: Elizabeth Shinn | J65: Samuel Stokes
I66: John Biddle | J66: John Hinchman Stokes
I67: George Biddle | J67: John Hinchman Stokes jr
I68: Emma Biddle | J68: Samuel Evans Stokes
I69: Emily Elizabeth Patrick | J69: Samuel Evans Stokes JR
I70: Walter William Robertson | J70: Prem Chand Stokes
I71: Gordon Walter Robertson | J71: Vijay Stokes
I72: Simon Leigh Robertson
A73: Jacob Brauch | B73: Ancestry | C73: 5th-8th Cousin | D73: 8th Cousin 3xremoved | E73: 9cM | F73: Restore Lippincott | G73: Hannah Shuttuck | H73: 7G Grandparents | I73: Abigail Lippincott | J73: Samuel Lippincott
I74: Elizabeth Shinn | J74: Elizabeth Lippincott
I75: John Biddle | J75: Lucretia Gaskill
I76: George Biddle | J76: Stacy Stevens
I77: Emma Biddle | J77: Hiram Stevens
I78: Emily Elizabeth Patrick | J78: Allen Stephens
I79: Walter William Robertson | J79: John L Stephens
I80: Gordon Walter Robertson | J80: Minnie Inez Stephens
I81: Jill Elaine Robertson | J81: Kathleen Garrett
J82: Female Sefrit
J83: Male Brauch
J84: Jacob Brauch
A85: D.P. | B85: Ancestry | C85: 5th-8th Cousin | D85: 8th Cousin 1xremoved | E85: 9cM | F85: Restore Lippincott | G85: Hannah Shuttuck | H85: 7G Grandparents | I85: Abigail Lippincott | J85: Rebecca Lippincott
I86: Elizabeth Shinn | J86: Daniel Gaskill
I87: John Biddle | J87: Daniel Gaskill
I88: George Biddle | J88: Nathaniel Gaskill
I89: Emma Biddle | J89: Abigail Gaskill
I90: Emily Elizabeth Patrick | J90: Levi Wood
I91: Walter William Robertson | J91: Albert Leslie Wood
I92: Gordon Walter Robertson | J92: Mary Blanch Wood
I93: Jill Elaine Robertson | J93: Patricia Remier Beck
J94: D Beck
A95: Jess Gabrielson | B95: Ancestry | C95: 5th-8th Cousin | D95: 8th Cousin 2xremoved | E95: 9cM | F95: Restore Lippincott | G95: Hannah Shuttuck | H95: 7G Grandparents | I95: Abigail Lippincott | J95: Rebecca Lippincott
I96: Elizabeth Shinn | J96: Daniel Gaskill
I97: John Biddle | J97: Daniel Gaskill
I98: George Biddle | J98: Nathaniel Gaskill
I99: Emma Biddle | J99: Abigail Gaskill
I100: Emily Elizabeth Patrick | J100: Levi Wood
...

Sheet Mayes
A1: Summary | B1: =COUNTIF(I2:I1074,C1)+COUNTIF(I2:I1074,D1) -> 4 | C1: Simon Leigh Robertson | D1: Jill Elaine Robertson
A2: Name | B2: Source | C2: Predicted Relationship | D2: Actual Relationship | E2: Shared DNA | F2: Common Male Ancestor | G2: Common Female Ancestor | H2: Relationship to Ancestor | I2: My Ancestry | J2: Matched Ancestry
A3: makilby | B3: Ancestry | C3: 5th-8th Cousin | D3: 6th Cousin | E3: 8cM | F3: Benjamin Mayes | G3: Mary anne palmer | H3: 5G Grandparents | I3: Ann May | J3: Elizabeth Johnson Mayes
E4: 8cM | I4: Eliza Mercer | J4: Richard Richardson
I5: Anne Bushell | J5: George Richardson
I6: Ellen Jezzard | J6: Catharine Sally Bell
I7: Jack Tucker | J7: Catherine S Garrett
I8: June Margery Hall | J8: Anthony Garratt Kilby
I9: Simon Leigh Robertson | J9: Mark A Kilby
A10: Tim Olsen | B10: Ancestry | C10: 5th-8th Cousin | D10: 6th Cousin 1xremoved | E10: 7cM | F10: Francis Mayes | G10: Mary Dibal | H10: 6G Grandparents | I10: Benjamin Mayes | J10: Elizabeth Mayes
I11: Ann May | J11: Mayes Milem
I12: Eliza Mercer | J12: Christopher Milem
I13: Anne Bushell | J13: David Samuel Milehem
I14: Ellen Jezzard | J14: Emma Mileham
I15: Jack Tucker | J15: George Joseph Haran
I16: June Margery Hall | J16: Carol Rita Haran
I17: Simon Leigh Robertson | J17: Tim Olsen
A18: Delys Crisp | B18: Ancestry | C18: 5th-8th Cousin | D18: 6th Cousin 1xremoved | E18: 7cM | F18: Francis Mayes | G18: Mary Dibal | H18: 6G Grandparents | I18: Benjamin Mayes | J18: Mary Mayes
I19: Ann May | J19: Joseph Hubbard
I20: Eliza Mercer | J20: Martha Hubbard
I21: Anne Bushell | J21: Alice Rosina Gilson
I22: Ellen Jezzard | J22: Alice R A Richardson
I23: Jack Tucker | J23: Ruth Alice R Humphries
I24: June Margery Hall | J24: Delys Purcell
I25: Simon Leigh Robertson
A26: Patty Olsen | B26: Ancestry | C26: 5th-8th Cousin | D26: 6th Cousin 1xremoved | E26: 6cM | F26: Francis Mayes | G26: Mary Dibal | H26: 6G Grandparents | I26: Benjamin Mayes | J26: Elizabeth Mayes
I27: Ann May | J27: Mayes Milem
I28: Eliza Mercer | J28: Christopher Milem
I29: Anne Bushell | J29: David Samuel Milehem
I30: Ellen Jezzard | J30: Emma Mileham
I31: Jack Tucker | J31: George Joseph Haran
I32: June Margery Hall | J32: Carol Rita Haran
I33: Simon Leigh Robertson | J33: Tim Olsen
J34: Patty Olsen

Sheet Mercer
A1: Summary | B1: =COUNTIF(I2:I1101,C1)+COUNTIF(I2:I1101,D1) -> 16 | C1: Simon Leigh Robertson | D1: Jill Elaine Robertson
A2: Name | B2: Source | C2: Predicted Relationship | D2: Actual Relationship | E2: Shared DNA | F2: Common Male Ancestor | G2: Common Female Ancestor | H2: Relationship to Ancestor | I2: My Ancestry | J2: Matched Ancestry
A3: Y.M. | B3: Ancestry | C3: 5th-8th Cousin | D3: 3rd Cousin 2xremoved | E3: 44cM | F3: Joseph Dierson Meecey | G3: Ann May | H3: 4G Grandparents | I3: Eliza Mercer | J3: Joseph Macey
E4: 19cM | I4: Anne Bushell | J4: Joseph Dyason Mercer
I5: Ellen Jezzard | J5: Leonard Alfred Mercer
I6: Jack Tucker | J6: Norman John Mercer
I7: June Margery Hall | J7: Yvonne W Mercer
I8: Simon Leigh Robertson
A9: jatinform | B9: Ancestry | C9: 5th-8th Cousin | D9: 3rd Cousin 2xremoved | E9: 43cM | F9: Joseph Dierson Meecey | G9: Ann May | H9: 4G Grandparents | I9: Eliza Mercer | J9: Rebecca Macey
E10: 12cM | I10: Anne Bushell | J10: Elizabeth L Lawrence
I11: Ellen Jezzard | J11: Reginald S Webber
I12: Jack Tucker | J12: Judith H Webber
I13: June Margery Hall
I14: Simon Leigh Robertson
A15: Jennifer Sharp | B15: 23andme | C15: 4th Cousin | D15: 5th Cousin | E15: 20cM | F15: Joseph Dierson Meecey | G15: Ann May | H15: 4G Grandparents | I15: Eliza Mercer | J15: Ann Mercer
A16: Jennifer Sharp | B16: MyHeritage | I16: Anne Bushell | J16: Jane Bushell
I17: Ellen Jezzard | J17: Martha Rebecca Jordan
I18: Jack Tucker | J18: Ivy Ellen Barr
I19: June Margery Hall | J19: Mary Jennifer Lowther
I20: Simon Leigh Robertson | J20: Jennifer Anne Smith
A21: tdoust18 | B21: Ancestry | C21: 5th-8th Cousin | D21: 5th Cousin 1Xremoved | E21: 20cM | F21: Joseph Dierson Meecey | G21: Ann May | H21: 4G Grandparents | I21: Eliza Mercer | J21: Ann Mercer
I22: Anne Bushell | J22: Charlotte A Bushall
I23: Ellen Jezzard | J23: Mary Jane Denne
I24: Jack Tucker | J24: Ernest James Baker
I25: June Margery Hall | J25: Derek Kenneth Baker
I26: Simon Leigh Robertson | J26: Richard P Baker
J27: T Baker
A28: Melanie Penn | B28: Ancestry | C28: 5th-8th Cousin | D28: 6th Cousin 2xremoved | E28: 20cM | F28: Robert Macey | G28: Ann Hammond | H28: 7G Grandparents | I28: John Macey | J28: Thomas Macey
I29: John Macey | J29: George Masey
I30: Joseph Dierson Mercer | J30: David Masey
I31: Eliza Mercer | J31: Harry Masey
I32: Anne Bushell | J32: Gladys May Masey
I33: Ellen Jezzard | J33: Peter B Atwood
I34: John Francis Tucker | J34: Melanie P Atwood
I35: June Margery Hall
I36: Simon Leigh Robertson
A37: Jason Shaw | B37: Ancestry | C37: 5th-8th Cousin | D37: 5th Cousin | E37: 19cM | F37: Joseph Dierson Meecey | G37: Ann May | H37: 4G Grandparents | I37: Eliza Mercer | J37: Ann Mercer
I38: Anne Bushell | J38: William Smith Bushell
I39: Ellen Jezzard | J39: Lilian Bushell
I40: Jack Tucker | J40: Abraham Shapiro
I41: June Margery Hall | J41: Helen M Shapiro
I42: Simon Leigh Robertson | J42: Jason Shaw
A43: Paul Webb | B43: Ancestry | C43: 5th-8th Cousin | D43: 5th Cousin | E43: 16cM | F43: Joseph Dierson Meecey | G43: Ann May | H43: 4G Grandparents | I43: Eliza Mercer | J43: Ann Mercer
I44: Anne Bushell | J44: Jane Bushell
I45: Ellen Jezzard | J45: Herbert George Jordan
I46: Jack Tucker | J46: Violet Mary Jordan
I47: June Margery Hall | J47: Jill J Chaffey
I48: Simon Leigh Robertson | J48: Paul Webb
A49: Dylan Keith Jeffrey | B49: MyHeritage | C49: 5th-8th Cousin | D49: 5th Cousin | E49: 16cM | F49: Joseph Dierson Meecey | G49: Ann May | H49: 4G Grandparents | I49: Eliza Mercer | J49: Joseph Macey
I50: Anne Bushell | J50: Joseph Dyason Mercer
I51: Ellen Jezzard | J51: Edward Joseph Mercer
I52: Jack Tucker | J52: Lilian Rosina Mercer
I53: June Margery Hall | J53: Keith D Jeffrey
I54: Jill Elaine Robertson | J54: Dylan Keith Jeffrey
A55: Paul Cadwallander | B55: Ancestry | C55: 5th-8th Cousin | D55: 5th Cousin 1Xremoved | E55: 16cM | F55: Joseph Dierson Meecey | G55: Ann May | H55: 4G Grandparents | I55: Eliza Mercer | J55: Ann Mercer
E56: 7cM | I56: Anne Bushell | J56: Charlotte A Bushall
I57: Ellen Jezzard | J57: Mary Jane Denne
I58: Jack Tucker | J58: Ernest James Baker
I59: June Margery Hall | J59: June Muriel Baker
I60: Simon Leigh Robertson | J60: Leslie P Cadwallander
J61: Paul Cadwallander
A62: Peter M Farrell | B62: Ancestry | C62: 5th-8th Cousin | D62: 6th Cousin 1xremoved | E62: 13cM | F62: Robert Macey | G62: Ann Hammond | H62: 6G Grandparents | I62: John Macey | J62: Robert Macey
A63: Peter Farrell | B63: MyHeritage | I63: John Macey | J63: Robert Macey
I64: Joseph Dierson Mercer | J64: Thomas Macey
I65: Eliza Mercer | J65: Ann Macey
I66: Anne Bushell | J66: Ann Ridge
I67: Ellen Jezzard | J67: Winifred R Willett
I68: Jack Tucker | J68: Betty Winifred Cleave
I69: June Margery Hall | J69: Peter M Farrell
I70: Simon Leigh Robertson
A71: Tristam Rea | B71: Ancestry | C71: 5th-8th Cousin | D71: 5th Cousin 1Xremoved | E71: 13cM | F71: Joseph Dierson Meecey | G71: Ann May | H71: 4G Grandparents | I71: Eliza Mercer | J71: Ann Mercer
I72: Anne Bushell | J72: Charlotte A Bushall
I73: Ellen Jezzard | J73: Mary Jane Denne
I74: Jack Tucker | J74: Ernest James Baker
I75: June Margery Hall | J75: Derek Kenneth Baker
I76: Jill Elaine Robertson | J76: Doreen J Baker
J77: Tristam James Rea
A78: Heather Fereday | B78: MyHeritage | C78: 5th-8th Cousin | D78: 4th Cousin 1xremoved | E78: 11.4cM | F78: Joseph Dierson Meecey | G78: Ann May | H78: 4G Grandparents | I78: Eliza Mercer | J78: Joseph Macey
E79: 8.4cM | I79: Anne Bushell | J79: Joseph Dyason Mercer
I80: Ellen Jezzard | J80: Ellen Lavinia Mercer
I81: Jack Tucker | J81: Olive Rose
I82: June Margery Hall | J82: Heather Lamb
I83: Jill Elaine Robertson
A84: Anita Sedgewick | B84: Ancestry | C84: 5th-8th Cousin | D84: 5th Cousin | E84: 11cM | F84: Joseph Dierson Meecey | G84: Ann May | H84: 4G Grandparents | I84: Eliza Mercer | J84: Ann Mercer
I85: Anne Bushell | J85: Charlotte A Bushall
I86: Ellen Jezzard | J86: Ellen Denne
I87: Jack Tucker | J87: Nellie Emily Gardner
I88: June Margery Hall | J88: Peter E T Sedgewick
I89: Jill Elaine Robertson | J89: Anita Clare Sedgewick
A90: Diane Sedman | B90: Ancestry | C90: 5th-8th Cousin | D90: 5th Cousin | E90: 11cM | F90: Joseph Dierson Meecey | G90: Ann May | H90: 4G Grandparents | I90: Eliza Mercer | J90: Ann Mercer
I91: Anne Bushell | J91: Jane Bushell
I92: Ellen Jezzard | J92: Frederick W Jordan
I93: Jack Tucker | J93: Herbert George Jordan
I94: June Margery Hall | J94: Kenneth William Jordan
I95: Jill Elaine Robertson | J95: Diane Jordan
A96: Richard Cadwin | B96: Ancestry | C96: 5th-8th Cousin | D96: 4th Cousin 1xremoved | E96: 10cM | F96: Joseph Dierson Meecey | G96: Ann May | H96: 4G Grandparents | I96: Eliza Mercer | J96: Joseph Macey
I97: Anne Bushell | J97: Elizabeth Ann Mercer
I98: Ellen Jezzard | J98: Constance Knox
I99: Jack Tucker | J99: Cyril Percy Dakin
I100: June Margery Hall | J100: Richard Dakin
...

Sheet Minter
A1: Summary | B1: =COUNTIF(I2:I1067,C1)+COUNTIF(I2:I1067,D1) -> 2 | C1: Simon Leigh Robertson | D1: Jill Elaine Robertson
A2: Name | B2: Source | C2: Predicted Relationship | D2: Actual Relationship | E2: Shared DNA | F2: Common Male Ancestor | G2: Common Female Ancestor | H2: Relationship to Ancestor | I2: My Ancestry | J2: Matched Ancestry
A3: LesleyArjon | B3: Ancestry | C3: 5th-8th Cousin | D3: 9th Cousin | E3: 9cM | F3: George Minter | G3: Jane Culmer | H3: 8G Grandparents | I3: Henry Minter | J3: Martha Minter
E4: 6cM | I4: Anne Minter | J4: Richard Brockman
I5: James Bushell | J5: Edward Brockman
I6: John Maxted Bushell | J6: Mary Mercy Brockman
I7: Thomas Bushell | J7: Alice Appleton
I8: Anne Bushell | J8: James Appleton
I9: Ellen Jezzard | J9: James Appleton
I10: Jack Tucker | J10: William Appleton
I11: June Margery Hall | J11: Ida Phoebe Appleton
I12: Simon Leigh Robertson | J12: Lesley Holland
A13: Worsley39 | B13: Ancestry | C13: 5th-8th Cousin | D13: 7th Cousin 1xremoved | E13: 7cM | F13: Henry Minter | G13: Mary Bailey | H13: 7G Grandparents | I13: Anne Minter | J13: George Minter
I14: James Bushell | J14: George Minter
I15: John Maxted Bushell | J15: Marla Minter
I16: Thomas Bushell | J16: Charles Thomas Potts
I17: Anne Bushell | J17: Charles Thomas Potts
I18: Ellen Jezzard | J18: Annie Potts
I19: Jack Tucker | J19: Frederick Warsap
I20: June Margery Hall | J20: Female Warsap
I21: Simon Leigh Robertson

Sheet Nankivell
A1: Summary | B1: =COUNTIF(I2:I1074,C1)+COUNTIF(I2:I1074,D1) -> 6 | C1: Simon Leigh Robertson | D1: Jill Elaine Robertson
A2: Name | B2: Source | C2: Predicted Relationship | D2: Actual Relationship | E2: Shared DNA | F2: Common Male Ancestor | G2: Common Female Ancestor | H2: Relationship to Ancestor | I2: My Ancestry | J2: Matched Ancestry
A3: Gary Hollis | B3: Ancestry | C3: 5th-8th Cousin | D3: 6th Cousin | E3: 12cM | F3: Elias Nankivell | G3: Mary Trueman | H3: 5G Grandparents | I3: Jemima Nankivell | J3: Jane J Nankivell
E4: 10cM | G4: Jane Jenipher Nankivell | I4: Mary Ann Tozer | J4: Catherine Frances May
I5: James Beavers | J5: Mary Frances May
I6: Mary Anne Beavis | J6: William Henry Simmons
I7: Elsie Wilson | J7: Doris A Simmons
I8: Gordon Walter Robertson | J8: Christine E M Wren
I9: Simon Leigh Robertson | J9: Gary R Hollis
A10: Roni Sue Canfield | B10: MyHeritage | C10: 3rd-Distant Cousin | D10: 8th Cousin | E10: 10.5cM | F10: Robert Nankivell | G10: Elizabeth Turner | H10: 7G Grandparents | I10: Richard Nankivell | J10: Benjamin Nankivell
I11: Elias Nankivell | J11: Thomas Nankivell
I12: Jemima Nankivell | J12: James Nankivell
I13: Mary Ann Tozer | J13: Mary Nankivell
I14: James Beavis | J14: Elizabeth Lathlean
I15: Mary Ann Bevers | J15: Charles Harry Picton
I16: Elsie Wilson | J16: Elizabeth Anna Picton
I17: Gordon Walter Robertson | J17: Stachitus
I18: Simon Leigh Robertson | J18: Roni Sue Canfield
A19: Ken_Joyner59 | B19: Ancestry | C19: 5th-8th Cousin | D19: 6th Cousin | E19: 9cM | F19: Elias Nankivell | G19: Mary Trueman | H19: 5G Grandparents | I19: Jemima Nankivell | J19: John Nankivell
I20: Mary Ann Tozer | J20: William Nankivell
I21: James Bevers | J21: John Nankivell
I22: Mary Ann Bevers | J22: Selina Jane Nankivell
I23: Elsie Wilson | J23: Emily Jane Joyner
I24: Gordon Walter Robertson | J24: Henry Joyner
I25: Simon Leigh Robertson | J25: Ken Joyner
A26: Paula Goddard | B26: Ancestry | C26: 5th-8th Cousin | D26: 6th Cousin | E26: 9cM | F26: Elias Nankivell | G26: Joan Prenpase | H26: 5G Grandparents | I26: Jemima Nankivell | J26: Jane Nankivell
I27: Mary Ann Tozer | J27: Catherine Frances May
I28: James Bevers | J28: Mary Frances May
I29: Mary Ann Bevers | J29: Ellen Broad Simmons
I30: Elsie Wilson | J30: Albert Edward Andrew
I31: Gordon Walter Robertson | J31: Hazel Eileen Andrew
I32: Susan Jack | J32: Paula Teresa McMahon
A33: Jessica Flores-Schwartz | B33: Ancestry | C33: 5th-8th Cousin | D33: 8th Cousin 2xremoved | E33: 8cM | F33: Robert Nankivell | G33: Elizabeth Turner | H33: 7G Grandparents | I33: Richard Nankivell | J33: Samson Nankivell
I34: Elias Nankivell | J34: Hugh Nankivell
I35: Jemima Nankivell | J35: Elizabeth Nankivell
I36: Mary Ann Tozer | J36: John M Phillips
I37: James Beavers | J37: Martha Phillips
I38: Mary Anne Beavis | J38: Mary Jane Allen
I39: Elsie Wilson | J39: Emily Orchard
I40: Gordon Walter Robertson | J40: Helen Kuhl
I41: Simon Leigh Robertson | J41: Robert Sisk
J42: Female Sisk
J43: Jessica Benjamin
A44: titch01 | B44: Ancestry | C44: 5th-8th Cousin | D44: 7th cousin 1xremoved | E44: 7cM | F44: Robert Nankivell | G44: Elizabeth Turner | H44: 7G Grandparents | I44: Richard Nankivell | J44: Benjamin Nankivell
I45: Elias Nankivell | J45: Blanche Nankivell
I46: Jemima Nankivell | J46: Jenifer Jane Freethy
I47: Mary Ann Tozer | J47: Ann Netherton
I48: James Bevers | J48: Mary Jones
I49: Mary Ann Bevers | J49: John Pearce
I50: Elsie Wilson | J50: Percy Pearce
I51: Gordon Walter Robertson | J51: Anthony Pearce
I52: Simon Leigh Robertson
A53: William Nankivell | B53: Ancestry | C53: 5th-8th Cousin | D53: 6th Cousin | E53: 7cM | F53: Elias Nankivell | G53: Mary Trueman | H53: 5G Grandparents | I53: Jemima Nankivell | J53: Mary Nankivell
I54: Mary Ann Tozer | J54: Thomas Mayne
I55: James Bevers | J55: John Mayne
I56: Mary Ann Bevers | J56: Jane Ann Mayne
I57: Elsie Wilson | J57: Annie Jasper
I58: Gordon Walter Robertson | J58: Kenneth Manning
I59: Simon Leigh Robertson | J59: William Manning

Sheet Noble
A1: Summary | B1: =COUNTIF(I2:I1083,C1)+COUNTIF(I2:I1083,D1) -> 7 | C1: Simon Leigh Robertson | D1: Jill Elaine Robertson
A2: Name | B2: Source | C2: Predicted Relationship | D2: Actual Relationship | E2: Shared DNA | F2: Common Male Ancestor | G2: Common Female Ancestor | H2: Relationship to Ancestor | I2: My Ancestry | J2: Matched Ancestry
A3: A.S. | B3: Ancestry | C3: 5th-8th Cousin | D3: 6th Cousin 1xremoved | E3: 14cM | F3: Thomas Noble | G3: Mary Duffield | H3: 6G Grandparents | I3: Anne Noble | J3: Mark Noble
I4: Mary Ann Noble | J4: Thomas Noble
I5: Emma Disdale | J5: Mark Noble
I6: Susannah Shickle | J6: Emma Noble
I7: Charlotte Lydia Brinkley | J7: Leonard Smith
I8: Maud Bessie Hall | J8: Leonard Leslie Smith
I9: June Margery Hall | J9: Albert G E Smith
I10: Simon Leigh Robertson
A11: Margaret Smith | B11: Ancestry | C11: 5th-8th Cousin | D11: 6th Cousin 1xremoved | E11: 14cM | F11: Thomas Noble | G11: Mary Duffield | H11: 6G Grandparents | I11: Anne Noble | J11: Mark Noble
I12: Mary Ann Noble | J12: Thomas Noble
I13: Emma Disdale | J13: Mark Noble
I14: Susannah Shickle | J14: Emma Noble
I15: Charlotte Lydia Brinkley | J15: Leonard Smith
I16: Maud Bessie Hall | J16: Charles Gordon Smith
I17: June Margery Hall | J17: Margaret Smith
A18: Tami Lund | B18: Ancestry | C18: 5th-8th Cousin | D18: 6th Cousin 1xremoved | E18: 12cM | F18: Thomas Noble | G18: Mary Duffield | H18: 6G Grandparents | I18: Anne Noble | J18: Mark Noble
I19: Mary Ann Noble | J19: Thomas Noble
I20: Emma Disdale | J20: Mark Noble
I21: Susannah Shickle | J21: Emma Noble
I22: Charlotte Lydia Brinkley | J22: Leonard Smith
I23: Maud Bessie Hall | J23: Thelma Rose Trew Smith
I24: June Margery Hall | J24: Tami Milne
I25: Simon Leigh Robertson
A26: Alison Lines | B26: MyHeritage | C26: 5th-8th Cousin | D26: 7th Cousin | E26: 10cM | F26: Thomas Noble | G26: Mary Duffield | H26: 6G Grandparents | I26: Anne Noble | J26: William Noble
I27: Mary Ann Noble | J27: Mark Noble
I28: Emma Disdale | J28: Daniel Noble
I29: Susannah Shickle | J29: Martha Noble
I30: Charlotte Lydia Brinkley | J30: Herbert Lines
I31: Maud Bessie Hall | J31: George Herbert Lines
I32: June Margery Hall | J32: Eric Herbert Lines
I33: Simon Leigh Robertson | J33: Alison Lines
A34: Lillistone | B34: Ancestry | C34: 5th-8th Cousin | D34: 7th Cousin | E34: 10cM | F34: Thomas Noble | G34: Mary Duffield | H34: 6G Grandparents | I34: Anne Noble | J34: William Noble
I35: Mary Ann Noble | J35: Mark Noble
I36: Emma Disdale | J36: Daniel Noble
I37: Susannah Shickle | J37: Martha Noble
I38: Charlotte Lydia Brinkley | J38: Herbert Lines
I39: Maud Bessie Hall | J39: George Herbert Lines
I40: June Margery Hall | J40: Margaret Olive Lines
I41: Simon Leigh Robertson | J41: Lilli Hart
A42: Barbara King | B42: MyHeritage | C42: 5th-8th Cousin | D42: 7th cousin | E42: 9cM | F42: Thomas Noble | G42: Mary Duffield | H42: 6G Grandparents | I42: Anne Noble | J42: William Noble
A43: Barbara King | B43: Ancestry | I43: Mary Ann Noble | J43: Mark Noble
I44: Emma Disdale | J44: Daniel Noble
I45: Susannah Shickle | J45: Martha Noble
I46: Charlotte Lydia Brinkley | J46: Herbert Lines
I47: Maud Bessie Hall | J47: Olive Priscilla Lines
I48: June Margery Hall | J48: Bernard Lines Hides
I49: Simon Leigh Robertson | J49: Barbara Hides
A50: Bryan King | B50: Ancestry | C50: 5th-8th Cousin | D50: 7th Cousin 1xremoved | E50: 8cM | F50: Thomas Noble | G50: Mary Duffield | H50: 6G Grandparents | I50: Anne Noble | J50: William Noble
I51: Mary Ann Noble | J51: Mark Noble
I52: Emma Disdale | J52: Daniel Noble
I53: Susannah Shickle | J53: Martha Noble
I54: Charlotte Lydia Brinkley | J54: Herbert Lines
I55: Maud Bessie Hall | J55: Olive Priscilla Lines
I56: June Margery Hall | J56: Bernard Lines Hides
I57: Simon Leigh Robertson | J57: Barbara Hides
J58: Bryan King
A59: Keith Bartholmew | B59: Ancestry | C59: 5th-8th Cousin | D59: 7th Cousin | E59: 7cM | F59: Thomas Noble | G59: Mary Duffield | H59: 6G Grandparents | I59: Anne Noble | J59: Mark noble
I60: Mary Ann Noble | J60: Thomas Noble
I61: Emma Disdale | J61: Thomas Downing Noble
I62: Susannah Shickle | J62: Ellen Noble
I63: Charlotte Lydia Brinkley | J63: George Edward Cobb
I64: Maud Bessie Hall | J64: William George Cobb
I65: June Margery Hall | J65: Joan Beryl Cobb
I66: Simon Leigh Robertson | J66: Keith Bartholomew

Sheet Otley
A1: Summary | B1: =COUNTIF(I2:I1109,C1)+COUNTIF(I2:I1109,D1) -> 18 | C1: Simon Leigh Robertson | D1: Jill Elaine Robertson
A2: Name | B2: Source | C2: Predicted Relationship | D2: Actual Relationship | E2: Shared DNA | F2: Common Male Ancestor | G2: Common Female Ancestor | H2: Relationship to Ancestor | I2: My Ancestry | J2: Matched Ancestry
A3: Marion McMichael | B3: Ancestry | C3: 5th-8th Cousin | D3: 5th Cousin 1xremoved | E3: 24cM | F3: Samuel Otley | G3: Susanna Blumfield | H3: 5G Grandparents | I3: George Otley | J3: Zadock Otley
E4: 11cM | I4: Elizabeth Otley | J4: William Otley
I5: Samuel Alfred Brinkley | J5: Mary Ann Otley
I6: Charlotte Lydia Brinkley | J6: John Harry Everitt
I7: Maud Bessie Hall | J7: Miriam Eileen Everitt
I8: June Margery Hall | J8: Marion Ann Morris
I9: Simon Leigh Robertson
A10: Edward Wright | B10: Ancestry | C10: 5th-8th Cousin | D10: 5th Cousin 1xremoved | E10: 23cM | F10: Samuel Otley | G10: Susanna Blumfield | H10: 5G Grandparents | I10: George Otley | J10: Zadock Otley
E11: 10cM | I11: Elizabeth Otley | J11: William Otley
I12: Samuel Alfred Brinkley | J12: Mary Ann Otley
I13: Charlotte Lydia Brinkley | J13: Kate Everitt
I14: Maud Bessie Hall | J14: Florence May Pettengall
I15: June Margery Hall | J15: Edward A Wright
I16: Simon Leigh Robertson
A17: Abbie Truss | B17: Ancestry | C17: 5th-8th Cousin | D17: 6th Cousin 2xremoved | E17: 23cM | F17: Samuel Otley | G17: Susanna Blumfield | H17: 5G Grandparents | I17: Elizabeth Gates | J17: Zadock Otley
E18: 9cM | I18: Elizabeth Otley | J18: William Otley
I19: Samuel Alfred Brinkley | J19: Mary Ann Otley
I20: Charlotte Lydia Brinkley | J20: Thomas Everitt
I21: Maud Bessie Hall | J21: Olive Agnes Everitt
I22: June Margery Hall | J22: Dorothy May Everitt
I23: Simon Leigh Robertson | J23: Barbara Clover
J24: Geoffrey R Truss
J25: Abbie Truss
A26: John Otley | B26: Ancestry | C26: 5th-8th Cousin | D26: 5th Cousin | E26: 19cM | F26: George Otley | G26: Hannah Hall | H26: 4G Grandparents | I26: Elizabeth Otley | J26: George Otley
I27: Samuel Alfred Brinkley | J27: George Otley
I28: Charlotte Lydia Brinkley | J28: Henry Otley
I29: Maud Bessie Hall | J29: Herbert Henry Otley
I30: June Margery Hall | J30: John Henry Otley
I31: Simon Leigh Robertson | J31: John M Otley
A32: geoff truss | B32: Ancestry | C32: 5th-8th Cousin | D32: 6th Cousin 2xremoved | E32: 18cM | F32: Samuel Otley | G32: Susanna Blumfield | H32: 5G Grandparents | I32: Elizabeth Gates | J32: Zadock Otley
I33: Elizabeth Otley | J33: William Otley
I34: Samuel Alfred Brinkley | J34: Mary Ann Otley
I35: Charlotte Lydia Brinkley | J35: Thomas Everitt
I36: Maud Bessie Hall | J36: Olive Agnes Everitt
I37: June Margery Hall | J37: Dorothy May Everitt
I38: Simon Leigh Robertson | J38: Barbara Clover
J39: Geoffrey R Truss
A40: Andrew Taylor | B40: Ancestry | C40: 5th-8th Cousin | D40: 5th Cousin | E40: 18cM | F40: George Otley | G40: Elizabeth Gates | H40: 4G Grandparents | I40: Elizabeth Otley | J40: Lucy Elizabeth Otley
I41: Samuel Alfred Brinkley | J41: Henry Ramsbotham
I42: Charlotte Lydia Brinkley | J42: Stephen Ramsbotham
I43: Maud Bessie Hall | J43: Ethel M Ramsbotham
I44: June Margery Hall | J44: Brian Arthur Taylor
I45: Simon Leigh Robertson | J45: Andrew Taylor
A46: J.S. | B46: Ancestry | C46: 5th-8th Cousin | D46: 5th Cousin | E46: 18cM | F46: George Otley | G46: Elizabeth Gates | H46: 4G Grandparents | I46: Elizabeth Otley | J46: James H Otley
I47: Samuel Alfred Brinkley | J47: William R Ottley
I48: Charlotte Lydia Brinkley | J48: William James Otley
I49: Maud Bessie Hall | J49: Genevieve Otley
I50: June Margery Hall | J50: Terrance Wayne Stuart
I51: Simon Leigh Robertson | J51: J Stuart
A52: prichee | B52: Ancestry | C52: 5th-8th Cousin | D52: 5th Cousin | E52: 17cM | F52: George Otley | G52: Hannah Hall | H52: 4G Grandparents | I52: Elizabeth Otley | J52: George Otley
E53: 7cM | I53: Samuel Alfred Brinkley | J53: Alfred George Otley
I54: Charlotte Lydia Brinkley | J54: Eliza Otley
I55: Maud Bessie Hall | J55: Elsie Kelly
I56: June Margery Hall | J56: John Frederick Richardson
I57: Simon Leigh Robertson | J57: Peter J Richardson
A58: makildau | B58: Ancestry | C58: 5th-8th Cousin | D58: 4th Cousin 1xremoved | E58: 17cM | F58: George Otley | G58: Elizabeth Gates | H58: 4G Grandparents | I58: Elizabeth Otley | J58: James H Otley
E59: 14cM | I59: Samuel Alfred Brinkley | J59: George Pray Otley
I60: Charlotte Lydia Brinkley | J60: Mabel Otley
I61: Maud Bessie Hall | J61: Jeanette Scott
I62: June Margery Hall | J62: Margaret Ann Smith
I63: Jill Elaine Robertson
A64: patmccoombes | B64: Ancestry | C64: 5th-8th Cousin | D64: 6th Cousin | E64: 15cM | F64: Samuel Otley | G64: Margaret Sturgeon | H64: 5G Grandparents | I64: George Otley | J64: Edgar Otley
E65: 13cM | I65: Elizabeth Otley | J65: Samuel Ottley
I66: Samuel Alfred Brinkley | J66: Eliza Ottley
I67: Charlotte Lydia Brinkley | J67: Charlotte Ashby
I68: Maud Bessie Hall | J68: Olive Babbs
I69: June Margery Hall | J69: Clifford L Beazley
I70: Jill Elaine Robertson | J70: Pat Beazley
A71: Terri Turner | B71: Ancestry | C71: 5th-8th Cousin | D71: 6th Cousin | E71: 13cM | F71: Samuel Otley | G71: Susanna Blumfield | H71: 5G Grandparents | I71: George Otley | J71: Andrew Taylor
I72: Elizabeth Otley | J72: William Otley
I73: Samuel Alfred Brinkley | J73: Mary Ann Otley
I74: Charlotte Lydia Brinkley | J74: Thomas Everitt
I75: Maud Bessie Hall | J75: Olive Agnes Everitt
I76: June Margery Hall | J76: Douglas E Fenning
I77: Simon Leigh Robertson | J77: Terri Turner
A78: Colin Chester | B78: Ancestry | C78: 5th-8th Cousin | D78: 6th Cousin | E78: 12cM | F78: Samuel Otley | G78: Susanna Blumfield | H78: 5G Grandparents | I78: George Otley | J78: Zadock Otley
I79: Elizabeth Otley | J79: Mary Maria Otley
I80: Samuel Alfred Brinkley | J80: William Meek
I81: Charlotte Lydia Brinkley | J81: Mary Ellen Meek
I82: Maud Bessie Hall | J82: Nelly Lilian May Meek
I83: June Margery Hall | J83: Arthur Richard Chester
I84: Simon Leigh Robertson | J84: Colin Chester
A85: Emma Rose | B85: Ancestry | C85: 5th-8th Cousin | D85: 5th Cousin 1xremoved | E85: 12cM | F85: George Otley | G85: Elizabeth Gates | H85: 4G Grandparents | I85: Elizabeth Otley | J85: Lucy Elizabeth Otley
I86: Samuel Alfred Brinkley | J86: Emma Ramsbotham
I87: Charlotte Lydia Brinkley | J87: Florence Mary Pamment
I88: Maud Bessie Hall | J88: Emma F Robinson
I89: June Margery Hall | J89: Margaret L Broughton
I90: Jill Elaine Robertson | J90: Alan J Rose
J91: Emma Kate Rose
A92: kenneth smith | B92: Ancestry | C92: 5th-8th Cousin | D92: 4th Cousin 1xremoved | E92: 10cM | F92: George Otley | G92: Elizabeth Gates | H92: 4G Grandparents | I92: Elizabeth Otley | J92: James H Otley
I93: Samuel Alfred Brinkley | J93: George Pray Otley
I94: Charlotte Lydia Brinkley | J94: Mabel Otley
I95: Maud Bessie Hall | J95: Jeanette Scott
I96: June Margery Hall | J96: Kenneth Smith
I97: Jill Elaine Robertson
A98: Elizabeth Hope | B98: Ancestry | C98: 5th-8th Cousin | D98: 5th Cousin 1xremoved | E98: 9cM | F98: George Otley | G98: Elizabeth Gates | H98: 4G Grandparents | I98: Elizabeth Otley | J98: Samuel Otley
I99: Samuel Alfred Brinkley | J99: Mabel Otley
I100: Charlotte Lydia Brinkley | J100: Rachel Mabel Garton
...

Sheet Palmer
A1: Summary | B1: =COUNTIF(I2:I1067,C1)+COUNTIF(I2:I1067,D1) -> 1 | C1: Simon Leigh Robertson | D1: Jill Elaine Robertson
A2: Name | B2: Source | C2: Predicted Relationship | D2: Actual Relationship | E2: Shared DNA | F2: Common Male Ancestor | G2: Common Female Ancestor | H2: Relationship to Ancestor | I2: My Ancestry | J2: Matched Ancestry
A3: PalmerMunro | B3: Ancestry | C3: 5th-8th Cousin | D3: 6th Cousin 1xremoved | E3: 8cM | F3: John Palmer | G3: Mary Ann Roberson | H3: 6G Grandparents | I3: Mary Anne Palmer | J3: Edmund Palmer
G4: Esther | I4: Ann May | J4: Clement Palmer
I5: Eliza Mercer | J5: John Palmer
I6: Anne Bushell | J6: Isaac Palmer
I7: Ellen Jezzard | J7: Sydney Ernest Palmer
I8: Jack Tucker | J8: Sidney David Palmer
I9: June Margery Hall | J9: Catherine L Palmer
I10: Simon Leigh Robertson

Sheet Patrick
A1: Summary | B1: =COUNTIF(I2:I1140,C1)+COUNTIF(I2:I1140,D1) -> 25 | C1: Simon Leigh Robertson | D1: Jill Elaine Robertson
A2: Name | B2: Source | C2: Predicted Relationship | D2: Actual Relationship | E2: Shared DNA | F2: Common Male Ancestor | G2: Common Female Ancestor | H2: Relationship to Ancestor | I2: My Ancestry | J2: Matched Ancestry
A3: Daniel Wyatt | B3: Familytreedna | C3: 2nd-4th Cousin | D3: 3rd Cousin | E3: 102cM | F3: William Simeon Patrick | G3: Emma Biddle | H3: 2G Grandparents | I3: Emily Elizabeth Patrick | J3: Alma Sarah Patrick
E4: 50cM | I4: Walter William Robertson | J4: Alma Grace Manby
I5: Gordon Walter Robertson | J5: Wilfrid Purcell Wyatt
I6: Simon Leigh Robertson | J6: Daniel Purcell Wyatt
A7: Norah Niemiec | B7: MyHeritage | C7: 3rd-5th Cousin | D7: 4th Cousin 1xremoved | E7: 59.4cM | F7: Joseph Patrick | G7: Elizabeth Dilly | H7: 4G Grandparents | I7: Thomas Patrick | J7: Joseph Patrick
E8: 35cM | I8: William Simeon Patrick | J8: Stephen Patrick
I9: Emily Elizabeth Patrick | J9: John George Patrick
I10: Walter William Robertson | J10: Gilbert George Patrick
I11: Gordon Walter Robertson | J11: Norah Leonard Patrick
I12: Simon Leigh Robertson
A13: Knighton_Win | B13: Ancestry | C13: 4th-6th Cousin | D13: 3rd Cousin | E13: 59cM | F13: William Simeon Patrick | G13: Emma Biddle | H13: 2G Grandparents | I13: Emily Elizabeth Patrick | J13: Harriet Emma Patrick
E14: 14cM | I14: Walter William Robertson | J14: Elizabeth Emma Small
I15: Gordon Walter Robertson | J15: Frederick W Knighton
I16: Simon Leigh Robertson | J16: Winston Knighton
A17: Ann Hudson | B17: Ancestry | C17: 4th-6th Cousin | D17: 3rd Cousin | E17: 38cM | F17: William Simeon Patrick | G17: Emma Biddle | H17: 2G Grandparents | I17: Emily Elizabeth Patrick | J17: Harriet Emma Patrick
E18: 26cM | I18: Walter William Robertson | J18: Margaret Millar Small
I19: Gordon Walter Robertson | J19: Ethel Margaret Hamblyn
I20: Simon Leigh Robertson | J20: Ann M Jennings
A21: Claire Hudson | B21: Ancestry | C21: 4th-6th Cousin | D21: 3rd Cousin 1xremoved | E21: 38cM | F21: William Simeon Patrick | G21: Emma Biddle | H21: 2G Grandparents | I21: Emily Elizabeth Patrick | J21: Harriet Emma Patrick
E22: 23cM | I22: Walter William Robertson | J22: Margaret Millar Small
I23: Gordon Walter Robertson | J23: Ethel Margaret Hamblyn
I24: Simon Leigh Robertson | J24: Ann M Jennings
J25: Claire Hudson
A26: Stephen Niemiec | B26: Ancestry | C26: 4th-6th Cousin | D26: 5th Cousin | E26: 37cM | F26: Joseph Patrick | G26: Elizabeth Dilly | H26: 4G Grandparents | I26: Thomas Patrick | J26: Joseph Patrick
E27: 21cM | I27: William Simeon Patrick | J27: Stephen Patrick
I28: Emily Elizabeth Patrick | J28: John George Patrick
I29: Walter William Robertson | J29: Gilbert George Patrick
I30: Gordon Walter Robertson | J30: Norah Leonard Patrick
I31: Simon Leigh Robertson | J31: Stephen Niemiec
A32: Patrica Ruane | B32: MyHeritage | C32: 3rd-5th Cousin | D32: 4th Cousin | E32: 34.6cM | F32: Thomas Patrick | G32: Catherine Munden | H32: 3G Grandparents | I32: William Simeon Patrick | J32: John Thomas Patrick
E33: 28cM | I33: Emily Elizabeth Patrick | J33: Alfred Patrick
I34: Walter William Robertson | J34: Albert Edward Patrick
I35: Gordon Walter Robertson | J35: Gordon J Patrick
I36: Simon Leigh Robertson | J36: Patricia A Patrick
A37: Sue Edwards | B37: Ancestry | C37: 5th-8th Cousin | D37: 4th Cousin 1xremoved | E37: 34cM | F37: Thomas Patrick | G37: Catherine Munden | H37: 3G Grandparents | I37: William Simeon Patrick | J37: Mary Ann C Patrick
I38: Emily Elizabeth Patrick | J38: Mary Ann C Wright
I39: Walter William Robertson | J39: Lucy Eleanor Scanlon
I40: Gordon Walter Robertson | J40: Joyce M Ronan
I41: Jill Elaine Robertson | J41: Susan E Long
A42: mckellarjk | B42: Ancestry | C42: 5th-8th Cousin | D42: 3rd Cousin 1xremoved | E42: 34cM | F42: William Simeon Patrick | G42: Emma Biddle | H42: 2G Grandparents | I42: William Simeon Patrick | J42: Harriet Emma Patrick
I43: Emily Elizabeth Patrick | J43: Arthur William Small
I44: Walter William Robertson | J44: Edith Grace Small
I45: Gordon Walter Robertson | J45: Betty Alma Chappell
I46: Jill Elaine Robertson | J46: J K Leyshon
A47: Carrie Bridge | B47: Ancestry | C47: 4th-6th Cousin | D47: 4th Cousin 2xremoved | E47: 23cM | F47: Thomas Patrick | G47: Catherine Munden | H47: 3G Grandparents | I47: William Simeon Patrick | J47: Elijah Patrick
I48: Emily Elizabeth Patrick | J48: Mary Ann C Patrick
I49: Walter William Robertson | J49: Frederick J Wright
I50: Gordon Walter Robertson | J50: Emma Ellen Wright
I51: Jill Elaine Robertson | J51: Olive Shepherd
J52: Carol O Gipson
J53: Carrie Lynn Bridge
A54: June Hill | B54: Ancestry | C54: 4th-6th Cousin | D54: 4th Cousin 1xremoved | E54: 21cM | F54: Thomas Patrick | G54: Catherine Munden | H54: 3G Grandparents | I54: Emily Elizabeth Patrick | J54: Mary Ann C Patrick
E55: 17cM | I55: Walter William Robertson | J55: William Henry Wright
I56: Gordon Walter Robertson | J56: Sarah Ann Wright
I57: Simon Leigh Robertson | J57: Joseph William Hill
J58: June I Hill
A59: Thomas D Norton | B59: MyHeritage | C59: 4th-6th Cousin | D59: 4th Cousin 1xremoved | E59: 21cM | F59: Joseph Patrick | G59: Elizabeth Dilly | H59: 4G Grandparents | I59: Thomas Patrick | J59: John Patrick
E60: 15cM | I60: William Simeon Patrick | J60: Mary Patrick
I61: Emily Elizabeth Patrick | J61: Annie Mary Nutt
I62: Walter William Robertson | J62: Bertha Evelyn Witney
I63: Gordon Walter Robertson | J63: Thomas D Norton
I64: Simon Leigh Robertson
A65: David Read | B65: Ancestry | C65: 5th-8th Cousin | D65: 3rd Cousin 1xremoved | E65: 19cM | F65: William Simeon Patrick | G65: Emma Biddle | H65: 2G Grandparents | I65: William Simeon Patrick | J65: Harriet Emma Patrick
E66: 15cM | I66: Emily Elizabeth Patrick | J66: Arthur William Small
I67: Walter William Robertson | J67: Edith Grace Small
I68: Gordon Walter Robertson | J68: Leslie William Bond
I69: Jill Elaine Robertson | J69: Female Bond
J70: David Read
A71: Alleha Read | B71: Ancestry | C71: 5th-8th Cousin | D71: 3rd Cousin 1xremoved | E71: 18cM | F71: William Simeon Patrick | G71: Emma Biddle | H71: 2G Grandparents | I71: William Simeon Patrick | J71: Harriet Emma Patrick
I72: Emily Elizabeth Patrick | J72: Arthur William Small
I73: Walter William Robertson | J73: Edith Grace Small
I74: Gordon Walter Robertson | J74: Leslie William Bond
I75: Jill Elaine Robertson | J75: Female Bond
J76: David Read
J77: Alleha Read
A78: Seals1999 | B78: Ancestry | C78: 5th-8th Cousin | D78: 6th Cousin | E78: 18cM | F78: John Patrick | G78: Mary Miller | H78: 5G Grandparents | I78: Joseph Patrick | J78: David Patrick
I79: Thomas Patrick | J79: Joseph Patrick
I80: William Simeon Patrick | J80: Charlotte Patrick
I81: Emily Elizabeth Patrick | J81: George Smith
I82: Walter William Robertson | J82: Lilian Charoltte Smith
I83: Gordon Walter Robertson | J83: David Walker
I84: Jill Elaine Robertson | J84: seals1999
A85: Janice Avery | B85: Ancestry | C85: 5th-8th Cousin | D85: 6th Cousin | E85: 16cM | F85: John Patrick | G85: Mary Miller | H85: 5G Grandparents | I85: Joseph Patrick | J85: Ann Patrick
I86: Thomas Patrick | J86: John Toms
I87: William Simeon Patrick | J87: Joshua Toms
I88: Emily Elizabeth Patrick | J88: William Jabez Toms
I89: Walter William Robertson | J89: Doris Myrtle Toms
I90: Gordon Walter Robertson | J90: Rosie Marie Little
I91: Jill Elaine Robertson | J91: Janice Avery
A92: Stewart Johnston | B92: Ancestry | C92: 5th-8th Cousin | D92: 6th Cousin | E92: 16cM | F92: John Patrick | G92: Mary Miller | H92: 5G Grandparents | I92: Joseph Patrick | J92: Ann Patrick
I93: Thomas Patrick | J93: John Toms
I94: William Simeon Patrick | J94: Joshua Toms
I95: Emily Elizabeth Patrick | J95: William Jabez Toms
I96: Walter William Robertson | J96: Doris Myrtle Toms
I97: Gordon Walter Robertson | J97: Rosie Marie Little
I98: Jill Elaine Robertson | J98: Janice Avery
J99: Stewart Johnston
A100: Debbie Sargant | B100: Ancestry | C100: 5th-8th Cousin | D100: 4th Cousin 1xremoved | E100: 15cM | F100: Thomas Patrick | G100: Catherine Munden | H100: 3G Grandparents | I100: William Simeon Patrick | J100: Elijah Patrick
...

Sheet Penny
A1: Summary | B1: =COUNTIF(I2:I1078,C1)+COUNTIF(I2:I1078,D1) -> 15 | C1: Simon Leigh Robertson | D1: Jill Elaine Robertson
A2: Name | B2: Source | C2: Predicted Relationship | D2: Actual Relationship | E2: Shared DNA | F2: Common Male Ancestor | G2: Common Female Ancestor | H2: Relationship to Ancestor | I2: My Ancestry | J2: Matched Ancestry
A3: Paul Loveday | B3: MyHeritage | C3: 3rd-5th Cousin | D3: 4th Cousin | E3: 75cM | F3: George Penny | G3: Elizabeth Hughes | H3: 3G Grandparents | I3: Maria Hughes Penny | J3: Frederick William Penny
E4: 39cM | I4: Frederick William Hall | J4: Frederick William Penny
I5: Maud Bessie Hall | J5: Annie Beatrice Penny
I6: June Margery Hall | J6: Joyce Phyllis Gouge
I7: Simon Leigh Robertson | J7: Paul Loveday
A8: Christina Tuck | B8: Ancestry | C8: 3rd-5th Cousin | D8: 4th Cousin | E8: 58cM | F8: George Penny | G8: Elizabeth Hughes | H8: 3G Grandparents | I8: Maria Hughes Penny | J8: Frederick William Penny
E9: 31cM | I9: Frederick William Hall | J9: Herbert George Penny
I10: Maud Bessie Hall | J10: Elizabeth Clara Penny
I11: June Margery Hall | J11: Ronald Horace Broad
I12: Simon Leigh Robertson | J12: Christina J Broad
A13: Emma Kingston-miles | B13: MyHeritage | C13: 3rd-5th Cousin | D13: 4th Cousin | E13: 39.8cM | F13: George Penny | G13: Elizabeth Hughes | H13: 3G Grandparents | I13: Maria Hughes Penny | J13: Frederick William Penny
E14: 8.1cM | I14: Frederick William Hall | J14: Rose Penny
I15: Maud Bessie Hall | J15: Betty D Clear
I16: June Margery Hall | J16: Christel B F Rolfes
I17: Simon Leigh Robertson | J17: Emma Kingston-miles
A18: Raymond Stroud | B18: MyHeritage | C18: 3rd-5th Cousin | D18: 4th Cousin | E18: 28.6cM | F18: George Penny | G18: Elizabeth Hughes | H18: 3G Grandparaents | I18: Maria Hughes Penny | J18: William James Penny
E19: 28.6cM | I19: Frederick William Hall | J19: Selina Rose Penny
I20: Maud Bessie Hall | J20: George F Stroud
I21: June Margery Hall | J21: George F Stroud
I22: Simon Leigh Robertson | J22: Raymond P Stroud
A23: Janet Chater | B23: Ancestry | C23: 5th-8th Cousin | D23: 4th Cousin | E23: 25cM | F23: George Penny | G23: Elizabeth Hughes | H23: 3G Grandparents | I23: Maria Hughes Penny | J23: Frederick William Penny
E24: 18cM | I24: Frederick William Hall | J24: Frederick William Penny
I25: Maud Bessie Hall | J25: Rose Penny
I26: June Margery Hall | J26: Rose H Clear
I27: Simon Leigh Robertson | J27: Janet R Chater
A28: Chris Hatt | B28: Ancestry | C28: 5th-8th Cousin | D28: 5th Cousin | E28: 23cM | F28: William Penny | G28: Susanna Watts | H28: 4G Grandparents | I28: George Penny | J28: Elizabeth Penny
I29: Maria Hughes Penny | J29: James Jun Bevis
I30: Frederick William Hall | J30: Henry Bevis
I31: Maud Bessie Hall | J31: William George Bevis
I32: June Margery Hall | J32: Joan Kathleen Bevis
I33: Simon Leigh Robertson | J33: Christopher David Hatt
A34: Guy Loveday | B34: Ancestry | C34: 3rd-5th Cousin | D34: 4th Cousin | E34: 19cM | F34: George Penny | G34: Elizabeth Hughes | H34: 3G Grandparents | I34: Maria Hughes Penny | J34: Frederick William Penny
B35: MyHeritage | E35: 16cM | I35: Frederick William Hall | J35: Frederick William Penny
I36: Maud Bessie Hall | J36: Annie Beatrice Penny
I37: June Margery Hall | J37: Joyce Phyllis Gouge
I38: Simon Leigh Robertson | J38: Guy Loveday
A39: cwi001 | B39: Ancestry | C39: 5th-8th Cousin | D39: 4th Cousin | E39: 18cM | F39: George Penny | G39: Elizabeth Hughes | H39: 3G Grandparents | I39: Maria Hughes Penny | J39: Frederick William Penny
A40: Carole Sylvia Sutherland | B40: MyHeritage | E40: 18cM | I40: Frederick William Hall | J40: Frederick William Penny
I41: Maud Bessie Hall | J41: Emily Penny
I42: June Margery Hall | J42: Doris May Smith
I43: Simon Leigh Robertson | J43: Carole Sylvia Sutherland
A44: Martin_Fiona | B44: Ancestry | C44: 5th-8th Cousin | D44: 4th Cousin | E44: 15cM | F44: George Penny | G44: Elizabeth Hughes | H44: 3G Grandparents | I44: Maria Hughes Penny | J44: Frederick William Penny
E45: 6cM | I45: Frederick William Hall | J45: Alice Penny
I46: Maud Bessie Hall | J46: Henry William Taylor
I47: June Margery Hall | J47: Norma Mary Taylor
I48: Simon Leigh Robertson | J48: Fiona Martin
A49: Sarah Bevis | B49: Ancestry | C49: 5th-8th Cousin | D49: 5th Cousinm 1xremoved | E49: 14cM | F49: William Penny | G49: Susanna Watts | H49: 4G Grandparents | I49: George Penny | J49: Elizabeth Penny
I50: Maria Hughes Penny | J50: James Jun Bevis
I51: Frederick William Hall | J51: James Bevis
I52: Maud Bessie Hall | J52: Henry James Bevis
I53: June Margery Hall | J53: Male Bevis
I54: Simon Leigh Robertson | J54: Derek Frank Bevis
J55: Sarah Ann Bevis
A56: MICHAEL MCGOWAN | B56: Ancestry | C56: 5th-8th Cousin | D56: 4th Cousinm 1xremoved | E56: 12cM | F56: William Penny | G56: Susanna Watts | H56: 4G Grandparents | I56: George Penny | J56: Elizabeth Penny
I57: Maria Hughes Penny | J57: William Bevis
I58: Frederick William Hall | J58: Kate Beavis
I59: Maud Bessie Hall | J59: Harry M McGowan
I60: June Margery Hall | J60: Michael H Mcgowan
I61: Simon Leigh Robertson
A62: Daphne Wingrove | B62: MyHeritage | C62: 3rd-5th Cousin | D62: 4th Cousin | E62: 12cM | F62: George Penny | G62: Elizabeth Hughes | H62: 3G Grandparaents | I62: Maria Hughes Penny | J62: Frederick William Penny
E63: 10cM | I63: Frederick William Hall | J63: William James Penny
I64: Maud Bessie Hall | J64: John Penny
I65: June Margery Hall | J65: Marjorie Doris P Penny
I66: Simon Leigh Robertson | J66: Daphne J Bowmer
A67: Janellecolemana00 | B67: Ancestry | C67: 5th-8th Cousin | D67: 5th Cousin | E67: 12cM | F67: William Penny | G67: Susanna Watts | H67: 4G Grandparents | I67: George Penny | J67: Elizabeth Penny
I68: Maria Hughes Penny | J68: William Bevis
I69: Frederick William Hall | J69: Rhoda Emily Bevis
I70: Maud Bessie Hall | J70: Mabel Rose Squire
I71: June Margery Hall | J71: Shirley J Middleton
I72: Jill Elaine Robertson | J72: Jannelle Coleman
A73: Amanda Linde | B73: Ancestry | C73: 5th-8th Cousin | D73: 5th Cousin 1xremoved | E73: 12cM | F73: William Penny | G73: Susanna Watts | H73: 4G Grandparents | I73: George Penny | J73: Elizabeth Penny
I74: Maria Hughes Penny | J74: William Bevis
I75: Frederick William Hall | J75: Rhoda Emily Bevis
I76: Maud Bessie Hall | J76: Mabel Rose Squire
I77: June Margery Hall | J77: Shirley J Middleton
I78: Jill Elaine Robertson | J78: Jannelle Coleman
J79: Amanda
A80: John Bevis | B80: Ancestry | C80: 5th-8th Cousin | D80: 4th Cousin 1xremoved | E80: 8cM | F80: William Penny | G80: Susanna Watts | H80: 4G Grandparents | I80: George Penny | J80: Elizabeth Penny
I81: Maria Hughes Penny | J81: William Bevis
I82: Frederick William Hall | J82: Sydney Carl Bevis
I83: Maud Bessie Hall | J83: Henry Charles Bevis
I84: June Margery Hall | J84: John H Bevis
I85: Jill Elaine Robertson

Sheet Pittock
A1: Summary | B1: =COUNTIF(I2:I1081,C1)+COUNTIF(I2:I1081,D1) -> 4 | C1: Simon Leigh Robertson | D1: Jill Elaine Robertson
A2: Name | B2: Source | C2: Predicted Relationship | D2: Actual Relationship | E2: Shared DNA | F2: Common Male Ancestor | G2: Common Female Ancestor | H2: Relationship to Ancestor | I2: My Ancestry | J2: Matched Ancestry
A3: Ellen Judge Baxter | B3: Ancestry | C3: 5th-8th Cousin | D3: 4th Cousin 2xremoved | E3: 12cM | F3: John Pittock | G3: Sarah Jordan | H3: 5G Grandparents | I3: Mary Pittock | J3: William Pittock
I4: Thomas Bushell | J4: Sarah Ann Pittock
I5: Anne Bushell | J5: Arthur Henry Judge
I6: Ellen Jezzard | J6: Fred S Judge
I7: Jack Tucker | J7: Ellen Judge
I8: June Margery Hall
I9: Simon Leigh Robertson
A10: Lisa Buist | B10: Ancestry | C10: 5th-8th Cousin | D10: 6th Cousin 1xremoved | E10: 10cM | F10: John Pittock | G10: Sarah Jordan | H10: 5G Grandparents | I10: Mary Pittock | J10: William Pittock
I11: Thomas Bushell | J11: Sarah Ann Pittock
I12: Anne Bushell | J12: Henry William Pittock
I13: Ellen Jezzard | J13: Rebecca T Pittock
I14: Jack Tucker | J14: Thomas M Whitman
I15: June Margery Hall | J15: Lisa Marie Whitman
I16: Simon Leigh Robertson
A17: Marc Witman | B17: Ancestry | C17: 5th-8th Cousin | D17: 6th Cousin | E17: 10cM | F17: John Pittock | G17: Sarah Jordan | H17: 5G Grandparents | I17: Mary Pittock | J17: William Pittock
I18: Thomas Bushell | J18: Sarah Ann Pittock
I19: Anne Bushell | J19: Henry William Pittock
I20: Ellen Jezzard | J20: Rebecca T Pittock
I21: Jack Tucker | J21: Alfred Lewis Whitman
I22: June Margery Hall | J22: Thomas M Whitman
I23: Simon Leigh Robertson | J23: Marc Ivan Whitman
A24: thomaswhitman14 | B24: Ancestry | C24: 5th-8th Cousin | D24: 5th Cousin 2xremoved | E24: 10cM | F24: John Pittock | G24: Sarah Jordan | H24: 5G Grandparents | I24: Mary Pittock | J24: William Pittock
I25: Thomas Bushell | J25: Sarah Ann Pittock
I26: Anne Bushell | J26: Henry William Pittock
I27: Ellen Jezzard | J27: Rebecca T Pittock
I28: Jack Tucker | J28: Alfred Lewis Whitman
I29: June Margery Hall | J29: Thomas M Whitman
I30: Simon Leigh Robertson

Sheet Rayner
A1: Summary | B1: =COUNTIF(I2:I1079,C1)+COUNTIF(I2:I1079,D1) -> 13 | C1: Simon Leigh Robertson | D1: Jill Elaine Robertson
A2: Name | B2: Source | C2: Predicted Relationship | D2: Actual Relationship | E2: Shared DNA | F2: Common Male Ancestor | G2: Common Female Ancestor | H2: Relationship to Ancestor | I2: My Ancestry | J2: Matched Ancestry
A3: Kirsty Potts | B3: Ancestry | C3: 3rd Cousin-Distant Cousin | D3: 5th Cousin | E3: 43cM | F3: John Rayner | G3: Mary Jane Felton | H3: 4G Grandparents | I3: Hannah Rayner | J3: William Rayner
I4: Hannah Agnes Boreham | J4: Robert William Rayner
I5: Clifford William Wilson | J5: Arthur George Rayner
I6: Elsie Wilson | J6: Ronald Arthur Rayner
I7: Gordon Walter Robertson | J7: Joanne Rayner
I8: Simon Leigh Robertson | J8: Kirst Ellen Potts
A9: Lisa Turner | B9: MyHeritage | C9: 3rd Cousin-Distant Cousin | D9: 5th Cousin | E9: 21.5cM | F9: John Rayner | G9: Mary Jane Felton | H9: 4G Grandparents | I9: Hannah Rayner | J9: Samuel Felton Rayner
I10: Hannah Agnes Boreham | J10: Arthur Rayner
I11: Clifford William Wilson | J11: Frederick G Rayner
I12: Elsie Wilson | J12: Bernard A Rayner
I13: Gordon Walter Robertson | J13: Male Rayner
I14: Simon Leigh Robertson | J14: Lisa Rayner
A15: Mark Dodkin | B15: MyHeritage | C15: 3rd Cousin-Distant Cousin | D15: 5th Cousin | E15: 17cM | F15: John Rayner | G15: Mary Jane Felton | H15: 4G Grandparents | I15: Hannah Rayner | J15: Samuel Felton Rayner
I16: Hannah Agnes Boreham | J16: Charles Rayner
I17: Clifford William Wilson | J17: Ernest Rayner
I18: Elsie Wilson | J18: Elizabeth Mary Rayner
I19: Gordon Walter Robertson | J19: June H White
I20: Simon Leigh Robertson | J20: Mark Dodkin
A21: Emily Brewood | B21: MyHeritage | C21: 3rd Cousin-Distant Cousin | D21: 5th Cousin 1xremoved | E21: 17cM | F21: John Rayner | G21: Mary Jane Felton | H21: 4G Grandparents | I21: Hannah Rayner | J21: Samuel Felton Rayner
I22: Hannah Agnes Boreham | J22: Charles Rayner
I23: Clifford William Wilson | J23: Ernest Rayner
I24: Elsie Wilson | J24: Elizabeth Mary Rayner
I25: Gordon Walter Robertson | J25: June H White
I26: Simon Leigh Robertson | J26: Mark Dodkin
J27: Emily Brewood
A28: Aisling Mullarkey | B28: Ancestry | C28: 5th-8th Cousin | D28: 5th Cousin | E28: 14cM | F28: John Rayner | G28: Mary Jane Felton | H28: 4G Grandparents | I28: Hannah Rayner | J28: Samuel Felton Rayner
E29: 14cM | I29: Hannah Agnes Boreham | J29: Samuel Felton Rayner
I30: Clifford William Wilson | J30: Minnie Elizabeth Rayner
I31: Elsie Wilson | J31: Minnie Elizabeth Grange
I32: Gordon Walter Robertson | J32: Helen Florence Harris
I33: Simon Leigh Robertson | J33: Lorraine Valin
J34: Aisling Mularkey
A35: nigellisaturner | B35: Ancestry | C35: 5th-8th Cousin | D35: 5th Cousin | E35: 12cM | F35: John Rayner | G35: Mary Jane Felton | H35: 4G Grandparents | I35: Hannah Rayner | J35: Samuel Felton Rayner
I36: Hannah Agnes Boreham | J36: Arthur Rayner
I37: Clifford William Wilson | J37: Frederick G Rayner
I38: Elsie Wilson | J38: Bernard A Rayner
I39: Gordon Walter Robertson | J39: Bernard A Rayner
I40: Simon Leigh Robertson | J40: Nigellisa Rayner
A41: Bernard Rayner | B41: Ancestry | C41: 5th-8th Cousin | D41: 4th Cousin 1xremoved | E41: 10cM | F41: John Rayner | G41: Mary Jane Felton | H41: 4G Grandparents | I41: Hannah Rayner | J41: Samuel Felton Rayner
I42: Hannah Agnes Boreham | J42: Arthur Rayner
I43: Clifford William Wilson | J43: Frederick G Rayner
I44: Elsie Wilson | J44: Bernard A Rayner
I45: Gordon Walter Robertson | J45: Bernard A Rayner
I46: Simon Leigh Robertson
A47: Lorraine Valin | B47: Ancestry | C47: 5th-8th Cousin | D47: 5th Cousin | E47: 10cM | F47: John Rayner | G47: Mary Jane Felton | H47: 4G Grandparents | I47: Hannah Rayner | J47: Samuel Felton Rayner
I48: Hannah Agnes Boreham | J48: Samuel Felton Rayner
I49: Clifford William Wilson | J49: Minnie Elizabeth Rayner
I50: Elsie Wilson | J50: Minnie Elizabeth Grange
I51: Gordon Walter Robertson | J51: Helen Florence Harris
I52: Simon Leigh Robertson | J52: Lorraine Valin
A53: Louise Sewell | B53: Ancestry | C53: 5th-8th Cousin | D53: 6th Cousin | E53: 10cM | F53: Thomas Rayner | G53: Susannah Holmes | H53: 5G Grandparents | I53: Abramt Rayner | J53: Thomas Rayner
I54: Hannah Rayner | J54: Thomas Rayner
I55: Hannah Agnes Boreham | J55: Pamela Rayner
I56: Clifford William Wilson | J56: John Daniel Sewell
I57: Elsie Wilson | J57: Arthur Theodore Sewell
I58: Gordon Walter Robertson | J58: Male Sewell
I59: Simon Leigh Robertson | J59: Louise Sewell
A60: J.R. | B60: Ancestry | C60: 5th-8th Cousin | D60: 6th Cousin | E60: 10cM | F60: Thomas Rayner | G60: Susannah Holmes | H60: 5G Grandparents | I60: Abramt Rayner | J60: Hannah Rayner
I61: Hannah Rayner | J61: Sarah Winterflood
I62: Hannah Agnes Boreham | J62: Emily Cook
I63: Clifford William Wilson | J63: Edith Minnie Joslin
I64: Elsie Wilson | J64: Marina Tricker
I65: Gordon Walter Robertson | J65: Female Cameron
I66: Simon Leigh Robertson | J66: J Roberson
A67: Sean Regan | B67: Ancestry | C67: 5th-8th Cousin | D67: Half 6th Cousin | E67: 10cM | F67: Thomas Rayner | G67: Susannah Holmes | H67: 5G Grandparents | I67: Abramt Rayner | J67: Joseph Rayner
I68: Hannah Rayner | J68: Samuel Rayner
I69: Hannah Agnes Boreham | J69: Louisa Rayner
I70: Clifford William Wilson | J70: Thomas Henry Cable
I71: Elsie Wilson | J71: Minnie Cable
I72: Gordon Walter Robertson | J72: Male Regan
I73: Simon Leigh Robertson | J73: Sean Regan
A74: Mary Kittle | B74: Ancestry | C74: 5th-8th Cousin | D74: 5th Cousin 1xremoved | E74: 10cM | F74: Thomas Rayner | G74: Susannah Holmes | H74: 5G Grandparents | I74: Abramt Rayner | J74: Robert Rayner
I75: Hannah Rayner | J75: Henry Rayner
I76: Hannah Agnes Boreham | J76: Thomas Henry Rayner
I77: Clifford William Wilson | J77: Muriel Tryphena Rayner
I78: Elsie Wilson | J78: Robert C H Stanfield
I79: Gordon Walter Robertson | J79: Mary E Stanfield
I80: Simon Leigh Robertson
A81: Roy Regan | B81: Ancestry | C81: 5th-8th Cousin | D81: 5th Cousin 1xremoved | E81: 9cM | F81: Thomas Rayner | G81: Susannah Holmes | H81: 5G Grandparents | I81: Abramt Rayner | J81: Joseph Rayner
I82: Hannah Rayner | J82: Samuel Rayner
I83: Hannah Agnes Boreham | J83: Louisa Rayner
I84: Clifford William Wilson | J84: Thomas Henry Cable
I85: Elsie Wilson | J85: Minnie Cable
I86: Gordon Walter Robertson | J86: Roy Regan
I87: Simon Leigh Robertson

Sheet Reeve
A1: Summary | B1: =COUNTIF(I2:I1078,C1)+COUNTIF(I2:I1078,D1) -> 4 | C1: Simon Leigh Robertson | D1: Jill Elaine Robertson
A2: Name | B2: Source | C2: Predicted Relationship | D2: Actual Relationship | E2: Shared DNA | F2: Common Male Ancestor | G2: Common Female Ancestor | H2: Relationship to Ancestor | I2: My Ancestry | J2: Matched Ancestry
A3: David O'Hara | B3: Ancestry | C3: 5th-8th Cousin | D3: 9th Cousin 1xRemoved | E3: 17cM | F3: John Reeve | G3: Lettice | H3: 9G Grandparents | I3: John Reeve | J3: Richard Reeve
I4: John Reeve | J4: Thomas Reeve
I5: William Reeve | J5: Thomas Reeve
I6: Elizabeth Reeve | J6: John Reeve
I7: Elizabeth Ruddock | J7: Harriett Reeve
I8: Samuel Brinkley | J8: Thomas Elvin Nunn
I9: Samuel Alfred Brinkley | J9: Phillip E Nunn
I10: Charlotte Lydia Brinkley | J10: Frederick Nunn
I11: Maud Bessie Hall | J11: Marjorie Nunn
I12: June Margery Hall | J12: David K O'Hara
I13: Simon Leigh Robertson
A14: JanOliver57 | B14: Ancestry | C14: 5th-8th Cousin | D14: 10th Cousin | E14: 14cM | F14: John Reeve | G14: Lettice | H14: 9G Grandparents | I14: John Reeve | J14: Richard Reeve
E15: 14cM | I15: John Reeve | J15: Thomas Reeve
I16: William Reeve | J16: Thomas Reeve
I17: Elizabeth Reeve | J17: John Reeve
I18: Elizabeth Ruddock | J18: John Reeve
I19: Samuel Brinkley | J19: Harlett Reeve
I20: Samuel Alfred Brinkley | J20: Thomas Elvin Nunn
I21: Charlotte Lydia Brinkley | J21: Emma Nunn
I22: Maud Bessie Hall | J22: Louisa Crone
I23: June Margery Hall | J23: Rita Mawson
I24: Simon Leigh Robertson | J24: Janice Kidd
A36: RayEllemar | B36: Ancestry | C36: 5th-8th Cousin | D36: 6th Cousin 1xremoved | E36: 7cM | F36: William Reeve | G36: Elizabeth Miller | H36: 6G Grandparents | I36: Elizabeth Reeve | J36: John Reeve
I37: Elizabeth Ruddock | J37: Andrew Reeves
I38: Samuel Brinkley | J38: Timothy Reeves
I39: Samuel Alfred Brinkley | J39: John Reeves
I40: Charlotte Lydia Brinkley | J40: James Nealea Reeves
I41: Maud Bessie Hall | J41: Mary Isabell Reeves
I42: June Margery Hall | J42: Ellemar Ray
I43: Simon Leigh Robertson
A44: Steven Ray | B44: Ancestry | C44: 5th-8th Cousin | D44: 7th Cousin | E44: 7cM | F44: William Reeve | G44: Elizabeth Miller | H44: 6G Grandparents | I44: Elizabeth Reeve | J44: John Reeve
I45: Elizabeth Ruddock | J45: Andrew Reeves
I46: Samuel Brinkley | J46: Timothy Reeves
I47: Samuel Alfred Brinkley | J47: John Reeves
I48: Charlotte Lydia Brinkley | J48: James Nealea Reeves
I49: Maud Bessie Hall | J49: Mary Isabell Reeves
I50: June Margery Hall | J50: Ellemar Ray
I51: Simon Leigh Robertson | J51: Steven Ray

Sheet Robertson
A1: Summary | B1: =COUNTIF(I2:I1092,C1)+COUNTIF(I2:I1092,D1) -> 15 | C1: Simon Leigh Robertson | D1: Jill Elaine Robertson
A2: Name | B2: Source | C2: Predicted Relationship | D2: Actual Relationship | E2: Shared DNA | F2: Common Male Ancestor | G2: Common Female Ancestor | H2: Relationship to Ancestor | I2: My Ancestry | J2: Matched Ancestry
A3: Jill Elaine Robertson | B3: Ancestry | C3: Sibling | D3: Sibling | E3: 2394cM | F3: Gordon Walter Robertson | G3: June Margery Hall | H3: Parents | I3: Simon Leigh Robertson | J3: Jill Elaine Robertson
A4: Jules Rye | B4: Ancestry | C4: 1st Cousin | D4: Nephew | E4: 1516cM | F4: Gordon Walter Robertson | G4: June Margery Hall | H4: Parents | I4: Simon Leigh Robertson | J4: Jill Elaine Robertson
D5: Son | E5: 3432cM | J5: Julian Phillip Rye
A6: Sian Natasha Matuszkiewicz | B6: Ancestry | C6: 4th-6th Cousin | D6: 3rd Cousin 1xremoved | E6: 49cM | F6: William Millar Robertson | G6: Emma Miller | H6: 2G Grandparents | I6: Herbert Ernest Robertson | J6: Walter Gordon Robertson
I7: Walter William Robertson | J7: Douglas Gordon Robertson
I8: Gordon Walter Robertson | J8: Adele C Robertson
I9: Simon Leigh Robertson | J9: Stefan Matuszkiewicz
J10: Sian Natasha Matuszkiewicz
A11: Ray Davis | B11: Ancestry | C11: 4th-6th Cousin | D11: Half 2nd Cousin 1xremoved | E11: 43cM | F11: William Millar Robertson | G11: Emma Miller | H11: 2G Grandparents | I11: Herbert Ernest Robertson | J11: Ambrose J M Robertson
E12: 39cM | G12: Elizabeth Denton | I12: Walter William Robertson | J12: Ivy Minnie Robertson
I13: Gordon Walter Robertson | J13: Raymond William Davis
I14: Simon Leigh Robertson
A15: Bronwyn Norton-Smith | B15: MyHeritage | C15: 5th-8th Cousin | D15: 4th Cousin 1xremoved | E15: 41cM | F15: Alexander Robertson | G15: Grisel Cameron | H15: 4G Grandparents | I15: Alexander Robertson | J15: Agnes Robertson
I16: William Millar Robertson | J16: John Aitken
I17: Herbert Ernest Robertson | J17: Isabella Aitken
I18: Walter William Robertson | J18: Robert S Hutchison
I19: Gordon Walter Robertson | J19: Francis R Hutchison
I20: Simon Leigh Robertson | J20: Bronwyn Hutchison
A21: Marion C Carpenter | B21: Ancestry | C21: 4th-6th Cousin | D21: 3rd Cousin | E21: 34cM | F21: William Millar Robertson | G21: Emma Miller | H21: 2G Grandparents | I21: Herbert Ernest Robertson | J21: Frederick William Robertson
E22: 31cM | I22: Walter William Robertson | J22: Emma Elizabeth Louisa Robertson
I23: Gordon Walter Robertson | J23: Frederick William Carpenter
I24: Simon Leigh Robertson | J24: Marion C Carpenter
A25: Sian Davis | B25: Ancestry | C25: 4th-6th Cousin | D25: Half 3rd Cousin | E25: 25cM | F25: William Millar Robertson | G25: Emma Miller | H25: 2G Grandparents | I25: Herbert Ernest Robertson | J25: Ambrose J M Robertson
E26: 23cM | G26: Elizabeth Denton | I26: Walter William Robertson | J26: Ivy Minnie Robertson
I27: Gordon Walter Robertson | J27: Raymond William Davis
I28: Simon Leigh Robertson | J28: Sian Hannah Davis
A29: Cindy Doreen Davis | B29: Ancestry | C29: 5th-8th Cousin | D29: Half 3rd Cousin | E29: 24cM | F29: William Millar Robertson | G29: Emma Miller | H29: 2G Grandparents | I29: Herbert Edward Robertson | J29: Isobel Violet Robertson
E30: 17cM | G30: Elizabeth Denton | I30: Walter William Robertson | J30: Ivy Isabelle Violet Frost
I31: Gordon Walter Robertson | J31: Doreen Ivy Mastin
I32: Simon Leigh Robertson | J32: Cindy Doreen Lacey
A33: Meret Walker | B33: Ancestry | C33: 5th-8th Cousin | D33: 4th Cousin 1xremoved | E33: 20cM | F33: Alexander Robertson | G33: Jean Douglas | H33: 3G Grandparents | I33: William Millar Robertson | J33: Mary Millar Robertson
E34: 20cM | I34: Herbert Ernest Robertson | J34: Isabella Reid
I35: Walter William Robertson | J35: Harold Spencer
I36: Gordon Walter Robertson | J36: Gertrude E Spencer
I37: Simon Leigh Robertson | J37: Alan T R Walker
J38: Meret Walker
A39: Yvonne Dudley | B39: 23andme | C39: 2nd Cousin 1xRemoved | D39: 3rd Cousin | E39: 18cM | F39: William Millar Robertson | G39: Emma Miller | H39: 2G Grandparents | I39: Herbert Ernest Robertson | J39: Walter Gordon Robertson
I40: Walter William Robertson | J40: Douglas Gordon Robertson
I41: Gordon Walter Robertson | J41: Adele C Robertson
I42: Simon Leigh Robertson | J42: Yvonne M Matuszkiewicz
A43: Charlie Burlton | B43: MyHeritage | C43: 2nd Cousin 1xRemoved | D43: 3rd Cousin 2xremoved | E43: 18cM | F43: William Millar Robertson | G43: Emma Miller | H43: 2G Grandparents | I43: Herbert Ernest Robertson | J43: Jane Douglas Robertson
I44: Walter William Robertson | J44: Margaret O'bryan
I45: Gordon Walter Robertson | J45: Charles G Burlton
I46: Simon Leigh Robertson | J46: Barry Charles Burlton
J47: Ricky Burlton
J48: Charlie John Burlton
A49: Romany Gurner | B49: Ancestry | C49: 5th-8th Cousin | D49: 3rd Cousin 1xremoved | E49: 12cM | F49: William Millar Robertson | G49: Emma Miller | H49: 2G Grandparents | I49: Herbert Ernest Robertson | J49: James Douglas Robertson
I50: Walter William Robertson | J50: Gertrude Mary Beatrice Robertson
I51: Gordon Walter Robertson | J51: Patricia M Braun
I52: Simon Leigh Robertson | J52: Anne Marie Cowing
J53: Romany Delia Gurner
A54: Lyndsey Burlton | B54: Ancestry | C54: 5th-8th Cousin | D54: 3rd Cousin 2xremoved | E54: 10cM | F54: William Millar Robertson | G54: Emma Miller | H54: 2G Grandparents | I54: Herbert Ernest Robertson | J54: Jane Douglas Robertson
I55: Walter William Robertson | J55: Margaret O'bryan
I56: Gordon Walter Robertson | J56: Charles G Burlton
I57: Simon Leigh Robertson | J57: Barry Charles Burlton
J58: Male Burlton
J59: Lyndsey Ellen Burlton
A60: jcarmody58 | B60: Ancestry | C60: 5th-8th Cousin | D60: Half 5th Cousin 1xremoved | E60: 9cM | G60: Grizel Cameron | H60: 4G Grandparents | I60: Alexander Robertson | J60: Elizabeth Robertson
E61: 9cM | I61: William Millar Robertson | J61: Elizabeth Yule
I62: Herbert Edward Robertson | J62: Christina Milne
I63: Walter William Robertson | J63: Marion E Gilmour
I64: Gordon Walter Robertson | J64: Eleanor C Hayes
I65: Simon Leigh Robertson | J65: Dorothy Marian Dale
J66: J Carmody
A67: spencergriers | B67: Ancestry | C67: 5th-8th Cousin | D67: 4th Cousin | E67: 8cM | F67: Alexander Robertson | G67: Jean Douglas | H67: 3G Grandparents | I67: William Millar Robertson | J67: Mary Millar Robertson
I68: Herbert Ernest Robertson | J68: Isabella Reid
I69: Walter William Robertson | J69: Douglas Spencer
I70: Gordon Walter Robertson | J70: Douglas Gordon Spencer
I71: Simon Leigh Robertson | J71: Sue Spencer

Sheet Ruddock
A1: Summary | B1: =COUNTIF(I2:I1202,C1)+COUNTIF(I2:I1202,D1) -> 45 | C1: Simon Leigh Robertson | D1: Jill Elaine Robertson
A2: Name | B2: Source | C2: Predicted Relationship | D2: Actual Relationship | E2: Shared DNA | F2: Common Male Ancestor | G2: Common Female Ancestor | H2: Relationship to Ancestor | I2: My Ancestry | J2: Matched Ancestry | K2: INDEX
